Employee_ID,Project,Task_Type,Hours_Logged,Hourly_Rate,Cost_USD,Week
E003,SAPUpgrade,Testing,34,45,1530,7
E001,SAPUpgrade,Development,19,30,570,2
E005,SAPUpgrade,Testing,24,55,1320,25
E007,SAPUpgrade,Design,22,60,1320,49
E007,HelpDeskOps,Support,24,60,1440,29
E005,Migration2024,QA,49,55,2695,31
E010,HelpDeskOps,Development,12,50,600,38
E010,SAPUpgrade,Research,31,40,1240,22
E005,HelpDeskOps,Development,43,30,1290,52
E002,HelpDeskOps,QA,49,55,2695,46
E008,HelpDeskOps,Development,44,55,2420,17
E010,SAPUpgrade,Design,27,55,1485,24
E007,HelpDeskOps,QA,29,40,1160,9
E006,SAPUpgrade,Design,5,35,175,50
E004,Migration2024,Testing,25,45,1125,15
E006,Migration2024,Support,38,30,1140,45
E001,CloudMigration,Development,9,30,270,18
E004,CloudMigration,QA,40,55,2200,49
E001,SAPUpgrade,Research,8,45,360,11
E008,SAPUpgrade,Support,43,40,1720,39
E010,DigitalTransformation,Testing,13,45,585,24
E005,HelpDeskOps,Research,11,40,440,3
E001,CloudMigration,Design,31,60,1860,37
E010,HelpDeskOps,Development,6,30,180,33
E002,HelpDeskOps,QA,6,55,330,46
E009,HelpDeskOps,Design,7,30,210,28
E010,DigitalTransformation,Testing,14,60,840,14
E008,HelpDeskOps,Support,29,55,1595,48
E004,CloudMigration,Design,50,50,2500,28
E001,DigitalTransformation,Design,46,45,2070,24
E002,Migration2024,Support,18,30,540,35
E001,Migration2024,Design,34,30,1020,11
E001,HelpDeskOps,Development,14,45,630,7
E007,SAPUpgrade,Support,46,40,1840,34
E006,Migration2024,Support,7,35,245,44
E008,Migration2024,Support,21,40,840,44
E004,HelpDeskOps,Support,26,50,1300,32
E008,HelpDeskOps,Design,21,50,1050,49
E002,SAPUpgrade,Support,35,35,1225,47
E003,Migration2024,Design,34,35,1190,38
E005,DigitalTransformation,QA,36,40,1440,26
E009,Migration2024,Support,21,60,1260,43
E008,HelpDeskOps,Support,18,40,720,37
E003,HelpDeskOps,Support,17,50,850,40
E001,SAPUpgrade,Research,38,50,1900,13
E004,DigitalTransformation,Research,31,40,1240,45
E007,HelpDeskOps,Testing,44,50,2200,38
E002,SAPUpgrade,Research,35,40,1400,51
E005,Migration2024,Development,10,60,600,32
E001,Migration2024,QA,20,35,700,38
E006,HelpDeskOps,Research,24,55,1320,41
E008,SAPUpgrade,Research,20,50,1000,44
E003,SAPUpgrade,Design,10,50,500,12
E007,CloudMigration,Development,17,30,510,8
E003,SAPUpgrade,Design,32,50,1600,7
E001,CloudMigration,Testing,9,50,450,18
E010,Migration2024,QA,31,30,930,6
E003,SAPUpgrade,QA,17,35,595,3
E003,Migration2024,Support,15,45,675,45
E005,SAPUpgrade,Research,42,55,2310,41
E001,CloudMigration,QA,19,30,570,9
E009,DigitalTransformation,Design,26,55,1430,9
E007,DigitalTransformation,Design,15,35,525,1
E006,Migration2024,QA,34,30,1020,7
E004,Migration2024,Design,7,60,420,40
E007,CloudMigration,QA,21,55,1155,10
E010,Migration2024,QA,49,50,2450,24
E005,DigitalTransformation,Development,10,45,450,52
E010,SAPUpgrade,Research,9,60,540,49
E010,SAPUpgrade,Design,41,40,1640,3
E006,SAPUpgrade,Development,13,55,715,14
E002,DigitalTransformation,Testing,16,50,800,20
E006,CloudMigration,QA,30,45,1350,6
E003,CloudMigration,Development,46,45,2070,20
E009,Migration2024,Testing,11,40,440,13
E004,SAPUpgrade,Testing,18,55,990,29
E007,SAPUpgrade,Design,14,40,560,48
E001,DigitalTransformation,Testing,28,40,1120,48
E006,HelpDeskOps,Design,45,40,1800,51
E003,CloudMigration,Research,29,40,1160,18
E002,CloudMigration,Development,41,35,1435,15
E001,Migration2024,Development,30,50,1500,4
E001,CloudMigration,Support,11,40,440,25
E002,SAPUpgrade,Development,14,45,630,42
E009,HelpDeskOps,QA,26,60,1560,23
E009,Migration2024,Testing,21,30,630,19
E010,SAPUpgrade,Support,25,55,1375,9
E006,Migration2024,Support,48,60,2880,42
E005,SAPUpgrade,QA,42,50,2100,41
E004,CloudMigration,Testing,38,30,1140,21
E001,CloudMigration,QA,40,35,1400,1
E003,Migration2024,Testing,40,60,2400,18
E008,HelpDeskOps,Design,24,45,1080,25
E008,Migration2024,Testing,40,40,1600,5
E008,HelpDeskOps,Research,21,60,1260,37
E009,CloudMigration,Support,17,55,935,36
E002,HelpDeskOps,Support,17,55,935,26
E001,Migration2024,Research,41,35,1435,38
E003,DigitalTransformation,Design,21,45,945,44
E003,CloudMigration,Support,45,45,2025,6
E009,SAPUpgrade,Research,21,40,840,19
E006,CloudMigration,QA,13,45,585,10
E003,DigitalTransformation,Research,22,35,770,30
E008,DigitalTransformation,Development,11,60,660,25
E003,SAPUpgrade,Development,12,35,420,13
E006,Migration2024,Testing,13,50,650,12
E009,HelpDeskOps,Testing,30,40,1200,51
E009,HelpDeskOps,Testing,11,55,605,20
E009,HelpDeskOps,Development,34,30,1020,30
E010,SAPUpgrade,Design,28,60,1680,3
E007,HelpDeskOps,Design,14,55,770,11
E006,SAPUpgrade,Support,31,45,1395,48
E006,SAPUpgrade,Support,37,40,1480,4
E009,CloudMigration,QA,7,35,245,44
E003,CloudMigration,QA,17,50,850,50
E009,HelpDeskOps,QA,44,60,2640,32
E003,DigitalTransformation,Testing,37,55,2035,37
E006,SAPUpgrade,Research,6,60,360,28
E009,SAPUpgrade,Development,42,35,1470,34
E005,HelpDeskOps,Support,6,55,330,41
E006,SAPUpgrade,Research,46,45,2070,24
E009,Migration2024,QA,22,55,1210,3
E007,Migration2024,Development,49,60,2940,15
E008,CloudMigration,Design,12,35,420,23
E001,HelpDeskOps,Research,36,40,1440,1
E005,DigitalTransformation,Development,14,55,770,9
E010,CloudMigration,Design,37,45,1665,42
E010,Migration2024,Research,23,45,1035,45
E006,CloudMigration,Support,48,50,2400,38
E003,SAPUpgrade,Development,34,30,1020,40
E005,Migration2024,Research,19,45,855,13
E010,DigitalTransformation,Development,7,40,280,5
E007,DigitalTransformation,QA,33,35,1155,35
E002,CloudMigration,Design,44,55,2420,32
E010,CloudMigration,Design,49,50,2450,51
E009,SAPUpgrade,Support,49,45,2205,14
E005,DigitalTransformation,Research,35,60,2100,35
E007,HelpDeskOps,Research,44,30,1320,14
E005,CloudMigration,QA,19,45,855,35
E006,DigitalTransformation,Development,5,50,250,45
E002,HelpDeskOps,Research,24,45,1080,28
E004,Migration2024,Development,17,50,850,26
E005,HelpDeskOps,QA,22,55,1210,17
E009,Migration2024,Research,40,60,2400,46
E001,Migration2024,QA,21,55,1155,33
E007,SAPUpgrade,Research,15,55,825,41
E009,Migration2024,QA,40,60,2400,25
E010,CloudMigration,QA,8,60,480,6
E001,HelpDeskOps,Testing,5,35,175,19
E003,HelpDeskOps,Design,23,35,805,20
E001,SAPUpgrade,Design,43,35,1505,44
E001,CloudMigration,Design,11,30,330,21
E004,Migration2024,Testing,8,30,240,21
E006,Migration2024,Research,35,60,2100,48
E006,Migration2024,Research,8,40,320,30
E009,DigitalTransformation,Support,45,45,2025,49
E008,SAPUpgrade,Support,37,35,1295,17
E008,DigitalTransformation,Development,10,45,450,16
E004,SAPUpgrade,QA,17,60,1020,45
E002,CloudMigration,Development,39,60,2340,18
E002,DigitalTransformation,QA,38,60,2280,5
E009,SAPUpgrade,Testing,19,35,665,17
E003,Migration2024,Development,8,35,280,8
E003,DigitalTransformation,Design,28,30,840,40
E001,Migration2024,Support,18,50,900,29
E010,CloudMigration,Research,39,60,2340,5
E004,Migration2024,Development,27,55,1485,14
E001,Migration2024,Testing,21,60,1260,46
E006,HelpDeskOps,Design,23,40,920,36
E008,CloudMigration,Research,44,45,1980,14
E005,HelpDeskOps,Support,25,40,1000,10
E010,Migration2024,Design,7,50,350,49
E010,SAPUpgrade,Design,44,55,2420,38
E010,HelpDeskOps,Design,47,30,1410,23
E001,HelpDeskOps,Development,7,30,210,3
E006,DigitalTransformation,Research,10,40,400,9
E004,DigitalTransformation,QA,43,30,1290,17
E005,HelpDeskOps,Research,34,55,1870,7
E004,Migration2024,Support,13,55,715,6
E002,CloudMigration,Development,46,30,1380,49
E001,HelpDeskOps,Support,46,50,2300,36
E010,Migration2024,QA,9,40,360,3
E009,CloudMigration,Support,43,55,2365,40
E008,SAPUpgrade,Research,6,45,270,4
E007,Migration2024,Testing,47,35,1645,1
E006,CloudMigration,Testing,29,30,870,4
E001,DigitalTransformation,Design,38,30,1140,30
E009,SAPUpgrade,Design,21,35,735,1
E005,DigitalTransformation,Design,23,45,1035,26
E005,DigitalTransformation,Support,18,30,540,23
E007,CloudMigration,Research,27,55,1485,36
E003,DigitalTransformation,Development,26,60,1560,21
E005,CloudMigration,Design,15,30,450,34
E010,SAPUpgrade,Research,7,50,350,13
E010,DigitalTransformation,Research,24,35,840,37
E008,DigitalTransformation,Development,7,60,420,16
E005,CloudMigration,Research,40,45,1800,1
E003,Migration2024,Support,43,50,2150,16
E008,Migration2024,Testing,39,55,2145,9
E001,SAPUpgrade,Design,47,35,1645,46
E001,SAPUpgrade,Support,26,60,1560,12
E005,SAPUpgrade,Development,37,35,1295,23
E001,DigitalTransformation,Research,35,60,2100,31
E005,Migration2024,Design,18,40,720,48
E001,Migration2024,Design,43,30,1290,47
E010,HelpDeskOps,Design,44,30,1320,4
E001,CloudMigration,Development,45,55,2475,36
E002,Migration2024,Development,10,45,450,6
E008,Migration2024,Testing,36,45,1620,31
E005,SAPUpgrade,Design,27,35,945,16
E006,DigitalTransformation,Design,12,50,600,33
E009,Migration2024,Research,11,55,605,51
E010,HelpDeskOps,Testing,28,50,1400,38
E005,CloudMigration,Testing,14,30,420,18
E008,HelpDeskOps,Testing,17,35,595,49
E007,DigitalTransformation,Support,6,40,240,35
E008,Migration2024,Testing,34,30,1020,13
E008,DigitalTransformation,Development,10,30,300,30
E001,HelpDeskOps,QA,12,45,540,42
E001,DigitalTransformation,Development,34,30,1020,25
E010,HelpDeskOps,Testing,24,35,840,5
E005,HelpDeskOps,Development,7,55,385,25
E010,Migration2024,Development,34,60,2040,41
E001,CloudMigration,QA,19,60,1140,32
E009,DigitalTransformation,QA,25,45,1125,2
E003,SAPUpgrade,Support,20,40,800,40
E004,Migration2024,QA,22,50,1100,13
E010,DigitalTransformation,Design,7,50,350,52
E009,DigitalTransformation,Testing,22,30,660,24
E004,HelpDeskOps,QA,19,60,1140,8
E009,CloudMigration,Research,20,30,600,37
E002,Migration2024,Design,39,30,1170,2
E007,Migration2024,Research,38,30,1140,2
E006,SAPUpgrade,Design,35,55,1925,20
E002,Migration2024,Design,14,40,560,10
E006,CloudMigration,QA,15,50,750,41
E007,DigitalTransformation,Design,30,60,1800,21
E008,SAPUpgrade,Design,27,55,1485,44
E005,DigitalTransformation,Development,6,55,330,18
E006,SAPUpgrade,Design,42,35,1470,13
E006,CloudMigration,Support,39,30,1170,31
E008,Migration2024,Research,41,60,2460,37
E003,Migration2024,Design,49,60,2940,48
E010,SAPUpgrade,Support,24,50,1200,25
E005,HelpDeskOps,Research,9,60,540,44
E005,CloudMigration,Design,50,60,3000,23
E006,CloudMigration,Development,8,60,480,7
E003,SAPUpgrade,Design,44,55,2420,45
E008,CloudMigration,Support,48,55,2640,51
E002,SAPUpgrade,Research,46,55,2530,3
E008,Migration2024,Development,21,30,630,15
E008,SAPUpgrade,Research,20,55,1100,23
E006,Migration2024,Development,6,55,330,35
E001,HelpDeskOps,Development,14,30,420,13
E005,CloudMigration,Development,49,45,2205,16
E009,CloudMigration,Testing,7,60,420,45
E007,HelpDeskOps,QA,49,35,1715,12
E003,DigitalTransformation,Testing,20,35,700,3
E009,DigitalTransformation,QA,23,55,1265,47
E001,CloudMigration,Testing,49,45,2205,33
E001,CloudMigration,Support,23,50,1150,6
E005,CloudMigration,QA,47,45,2115,44
E009,CloudMigration,Support,49,40,1960,34
E004,CloudMigration,Development,26,60,1560,30
E006,SAPUpgrade,Support,10,50,500,30
E007,HelpDeskOps,QA,40,60,2400,23
E005,SAPUpgrade,Design,13,45,585,10
E006,Migration2024,Testing,26,60,1560,19
E004,DigitalTransformation,Design,48,40,1920,9
E005,Migration2024,Development,21,45,945,13
E005,HelpDeskOps,QA,10,55,550,25
E005,SAPUpgrade,QA,14,40,560,41
E005,CloudMigration,Support,15,60,900,21
E002,SAPUpgrade,Support,18,45,810,17
E010,Migration2024,QA,41,55,2255,39
E006,CloudMigration,Research,6,40,240,51
E003,Migration2024,QA,49,40,1960,7
E009,DigitalTransformation,QA,12,45,540,18
E005,DigitalTransformation,Development,13,40,520,3
E004,DigitalTransformation,Design,43,50,2150,46
E006,HelpDeskOps,Research,44,60,2640,52
E010,SAPUpgrade,Development,31,35,1085,37
E004,Migration2024,QA,32,35,1120,13
E009,Migration2024,Design,21,50,1050,11
E010,SAPUpgrade,Support,35,35,1225,40
E007,Migration2024,Testing,18,45,810,19
E003,Migration2024,Research,50,40,2000,27
E008,SAPUpgrade,Development,41,55,2255,40
E005,HelpDeskOps,Research,24,45,1080,31
E007,DigitalTransformation,Design,8,35,280,49
E009,HelpDeskOps,Development,19,30,570,16
E003,Migration2024,Testing,31,55,1705,50
E002,DigitalTransformation,QA,26,35,910,23
E007,DigitalTransformation,Support,25,35,875,23
E008,SAPUpgrade,Development,9,50,450,2
E001,CloudMigration,Testing,39,40,1560,41
E001,Migration2024,Development,24,40,960,10
E001,SAPUpgrade,Support,12,55,660,41
E006,HelpDeskOps,Testing,28,35,980,47
E008,SAPUpgrade,QA,47,60,2820,51
E009,Migration2024,Testing,32,60,1920,16
E007,CloudMigration,QA,29,30,870,12
E008,HelpDeskOps,Design,50,40,2000,45
E004,CloudMigration,Research,15,45,675,22
E009,DigitalTransformation,Testing,40,30,1200,27
E003,HelpDeskOps,Research,37,55,2035,25
E001,SAPUpgrade,QA,48,40,1920,7
E005,SAPUpgrade,QA,11,55,605,47
E003,Migration2024,Support,21,35,735,22
E010,Migration2024,Development,43,35,1505,21
E001,Migration2024,Development,27,35,945,3
E001,Migration2024,Testing,33,60,1980,11
E001,CloudMigration,Testing,25,35,875,25
E010,HelpDeskOps,Testing,46,40,1840,20
E002,DigitalTransformation,QA,19,45,855,19
E005,CloudMigration,Support,10,50,500,45
E001,SAPUpgrade,Development,28,35,980,18
E009,HelpDeskOps,Support,41,50,2050,33
E001,CloudMigration,QA,39,60,2340,20
E006,Migration2024,Support,14,55,770,23
E010,SAPUpgrade,Research,21,50,1050,17
E003,DigitalTransformation,Design,21,35,735,49
E002,Migration2024,Design,25,55,1375,51
E006,CloudMigration,QA,29,45,1305,37
E002,HelpDeskOps,QA,32,30,960,38
E008,SAPUpgrade,Design,36,60,2160,49
E002,SAPUpgrade,Design,32,35,1120,13
E005,HelpDeskOps,Research,11,45,495,20
E010,Migration2024,Development,8,55,440,35
E006,CloudMigration,Testing,44,50,2200,49
E001,SAPUpgrade,QA,41,35,1435,39
E010,DigitalTransformation,Testing,7,55,385,5
E008,CloudMigration,Testing,31,45,1395,9
E009,HelpDeskOps,Support,50,50,2500,28
E004,Migration2024,Testing,45,55,2475,15
E007,CloudMigration,Design,20,60,1200,23
E002,DigitalTransformation,Development,37,35,1295,52
E001,SAPUpgrade,QA,41,60,2460,18
E001,DigitalTransformation,Research,10,45,450,31
E007,SAPUpgrade,Development,15,60,900,31
E006,HelpDeskOps,Testing,48,55,2640,6
E008,Migration2024,Support,30,55,1650,25
E006,CloudMigration,Research,48,35,1680,35
E003,DigitalTransformation,Design,23,40,920,9
E007,Migration2024,Design,20,40,800,47
E010,DigitalTransformation,QA,8,50,400,44
E005,DigitalTransformation,Design,38,30,1140,48
E007,DigitalTransformation,Development,31,30,930,24
E007,HelpDeskOps,Support,9,55,495,2
E002,SAPUpgrade,Testing,35,45,1575,33
E001,SAPUpgrade,Research,33,40,1320,13
E004,DigitalTransformation,QA,6,55,330,18
E006,CloudMigration,Research,7,50,350,8
E010,DigitalTransformation,Support,45,60,2700,38
E001,Migration2024,Development,30,30,900,16
E007,DigitalTransformation,QA,46,50,2300,35
E001,Migration2024,Support,48,30,1440,17
E006,HelpDeskOps,QA,26,40,1040,50
E010,DigitalTransformation,Research,48,35,1680,6
E006,CloudMigration,Testing,32,40,1280,38
E001,SAPUpgrade,Design,50,45,2250,37
E002,HelpDeskOps,QA,22,55,1210,44
E010,Migration2024,Testing,12,50,600,29
E001,DigitalTransformation,QA,39,55,2145,52
E007,Migration2024,Testing,19,30,570,52
E005,CloudMigration,Development,16,30,480,45
E004,SAPUpgrade,Support,8,45,360,28
E010,CloudMigration,Research,10,40,400,45
E010,SAPUpgrade,QA,31,40,1240,29
E002,DigitalTransformation,Research,22,30,660,34
E010,CloudMigration,Research,39,50,1950,14
E006,DigitalTransformation,Testing,45,35,1575,7
E010,SAPUpgrade,Research,25,30,750,40
E002,SAPUpgrade,Testing,27,55,1485,17
E009,Migration2024,Development,7,30,210,8
E006,Migration2024,QA,45,35,1575,17
E001,HelpDeskOps,Development,24,55,1320,7
E005,HelpDeskOps,Design,39,40,1560,37
E009,Migration2024,Research,36,55,1980,42
E010,HelpDeskOps,Development,6,50,300,5
E010,Migration2024,Development,31,40,1240,24
E006,DigitalTransformation,Testing,19,45,855,16
E007,Migration2024,Testing,43,40,1720,32
E002,Migration2024,QA,45,55,2475,39
E005,CloudMigration,Development,22,45,990,4
E006,HelpDeskOps,Support,27,50,1350,35
E008,SAPUpgrade,Research,5,50,250,1
E001,Migration2024,Research,19,30,570,45
E005,HelpDeskOps,Design,14,60,840,48
E007,CloudMigration,Development,47,60,2820,1
E001,Migration2024,Design,22,40,880,36
E010,CloudMigration,Research,50,50,2500,52
E003,Migration2024,Support,45,40,1800,52
E004,DigitalTransformation,Testing,18,40,720,49
E010,CloudMigration,Support,32,45,1440,39
E005,Migration2024,QA,49,50,2450,27
E010,Migration2024,Design,35,55,1925,11
E006,CloudMigration,Development,50,45,2250,50
E004,CloudMigration,Support,9,30,270,11
E009,CloudMigration,Support,44,55,2420,52
E005,DigitalTransformation,Testing,13,55,715,16
E010,DigitalTransformation,Testing,29,45,1305,18
E001,DigitalTransformation,Design,9,45,405,39
E008,CloudMigration,Testing,45,30,1350,14
E008,CloudMigration,QA,13,35,455,29
E001,DigitalTransformation,Support,44,45,1980,3
E008,SAPUpgrade,Testing,6,50,300,9
E001,DigitalTransformation,Testing,30,55,1650,8
E005,Migration2024,Design,39,30,1170,36
E006,SAPUpgrade,QA,24,40,960,42
E004,Migration2024,Support,13,30,390,34
E008,Migration2024,QA,31,50,1550,8
E004,HelpDeskOps,Support,8,60,480,51
E004,SAPUpgrade,Development,12,45,540,32
E005,DigitalTransformation,Research,19,40,760,27
E010,SAPUpgrade,Support,35,40,1400,13
E007,HelpDeskOps,Development,31,50,1550,36
E007,CloudMigration,Support,20,60,1200,48
E007,HelpDeskOps,Development,26,55,1430,46
E002,SAPUpgrade,Testing,29,50,1450,3
E007,DigitalTransformation,Testing,43,45,1935,26
E006,CloudMigration,Development,45,50,2250,5
E002,DigitalTransformation,Testing,23,40,920,52
E002,Migration2024,QA,8,60,480,43
E006,HelpDeskOps,Design,29,35,1015,6
E001,DigitalTransformation,Development,34,50,1700,52
E010,SAPUpgrade,QA,5,30,150,26
E006,CloudMigration,Development,18,30,540,11
E003,DigitalTransformation,Research,31,50,1550,44
E009,HelpDeskOps,Support,12,30,360,17
E003,DigitalTransformation,Development,41,50,2050,34
E006,SAPUpgrade,Research,12,40,480,11
E009,SAPUpgrade,Development,35,30,1050,52
E001,CloudMigration,QA,30,30,900,52
E008,SAPUpgrade,Development,16,50,800,19
E004,SAPUpgrade,Testing,5,35,175,2
E002,CloudMigration,Support,28,55,1540,37
E009,HelpDeskOps,Support,34,60,2040,35
E002,DigitalTransformation,Testing,19,55,1045,32
E008,SAPUpgrade,Research,28,35,980,7
E005,CloudMigration,QA,49,45,2205,10
E009,Migration2024,Testing,43,55,2365,15
E008,SAPUpgrade,Design,30,30,900,19
E005,HelpDeskOps,Testing,22,50,1100,10
E003,DigitalTransformation,QA,42,30,1260,52
E005,Migration2024,QA,28,45,1260,31
E002,DigitalTransformation,Support,38,60,2280,24
E005,Migration2024,Testing,33,40,1320,35
E009,SAPUpgrade,Development,23,45,1035,28
E010,Migration2024,QA,28,60,1680,41
E008,CloudMigration,Testing,13,35,455,27
E006,DigitalTransformation,Development,50,60,3000,46
E002,CloudMigration,Research,46,55,2530,20
E003,Migration2024,Design,10,60,600,9
E008,CloudMigration,Support,46,30,1380,31
E002,Migration2024,Support,21,55,1155,5
E007,SAPUpgrade,Support,34,50,1700,49
E003,SAPUpgrade,Research,24,50,1200,17
E007,Migration2024,Support,8,50,400,34
E004,SAPUpgrade,Testing,48,50,2400,41
E010,HelpDeskOps,Testing,26,40,1040,38
E005,CloudMigration,Development,30,55,1650,41
E008,DigitalTransformation,Development,17,35,595,34
E004,Migration2024,Research,8,30,240,25
E006,DigitalTransformation,Support,44,50,2200,39
E001,CloudMigration,Design,32,45,1440,36
E009,SAPUpgrade,QA,25,40,1000,43
E007,CloudMigration,Development,50,40,2000,49
E005,DigitalTransformation,Development,7,30,210,19
E006,CloudMigration,Testing,42,50,2100,52
E003,SAPUpgrade,QA,16,45,720,44
E008,HelpDeskOps,Development,25,50,1250,37
E004,HelpDeskOps,Development,30,35,1050,50
E006,Migration2024,QA,42,55,2310,3
E008,DigitalTransformation,QA,13,40,520,40
E003,SAPUpgrade,Development,29,60,1740,26
E002,Migration2024,Support,38,60,2280,52
E007,HelpDeskOps,Design,37,45,1665,50
E003,HelpDeskOps,Research,17,40,680,41
E005,Migration2024,Support,17,55,935,36
E010,HelpDeskOps,Support,10,30,300,37
E002,SAPUpgrade,QA,26,60,1560,9
E009,DigitalTransformation,Design,35,30,1050,39
E009,Migration2024,Design,44,55,2420,23
E009,CloudMigration,Testing,33,55,1815,19
E010,HelpDeskOps,Testing,21,30,630,29
E010,CloudMigration,Support,36,45,1620,12
E002,Migration2024,Support,39,50,1950,26
E004,DigitalTransformation,QA,20,35,700,36
E004,HelpDeskOps,QA,15,50,750,19
E002,HelpDeskOps,Research,27,50,1350,29
E004,DigitalTransformation,Testing,33,50,1650,44
E007,HelpDeskOps,Design,11,50,550,51
E004,HelpDeskOps,Support,46,40,1840,9
E008,SAPUpgrade,Support,40,50,2000,21
E002,Migration2024,Design,33,50,1650,51
E001,SAPUpgrade,Development,28,55,1540,47
E002,DigitalTransformation,Design,35,35,1225,23
E009,CloudMigration,Design,28,50,1400,26
E003,HelpDeskOps,Development,38,60,2280,24
E003,DigitalTransformation,Support,10,55,550,52
E010,SAPUpgrade,Testing,42,40,1680,41
E006,DigitalTransformation,Testing,15,45,675,52
E007,CloudMigration,Design,41,50,2050,25
E001,HelpDeskOps,QA,39,45,1755,50
E006,HelpDeskOps,Research,17,40,680,14
E008,CloudMigration,Support,16,35,560,7
E009,CloudMigration,Research,23,50,1150,6
E003,DigitalTransformation,QA,11,40,440,24
E002,SAPUpgrade,QA,41,30,1230,13
E001,HelpDeskOps,Development,34,30,1020,51
E005,CloudMigration,Research,11,55,605,3
E007,Migration2024,Testing,28,60,1680,28
E006,HelpDeskOps,Development,45,35,1575,24
E003,HelpDeskOps,Research,41,55,2255,46
E006,Migration2024,Research,47,55,2585,16
E002,SAPUpgrade,QA,16,35,560,2
E010,Migration2024,Testing,47,35,1645,28
E004,DigitalTransformation,QA,13,35,455,51
E005,CloudMigration,QA,14,35,490,26
E010,DigitalTransformation,Support,21,45,945,51
E006,HelpDeskOps,Research,32,40,1280,29
E004,HelpDeskOps,QA,35,35,1225,47
E006,Migration2024,Testing,37,40,1480,8
E009,CloudMigration,Design,11,35,385,31
E008,Migration2024,Design,10,45,450,15
E007,HelpDeskOps,Research,34,55,1870,42
E003,Migration2024,Development,42,30,1260,24
E007,SAPUpgrade,Testing,24,35,840,45
E010,DigitalTransformation,Design,18,60,1080,2
E005,SAPUpgrade,Development,47,30,1410,48
E009,DigitalTransformation,Support,16,50,800,44
E005,Migration2024,Support,20,45,900,45
E010,HelpDeskOps,QA,49,35,1715,46
E006,HelpDeskOps,Development,49,60,2940,52
E010,DigitalTransformation,Testing,49,45,2205,46
E008,HelpDeskOps,Support,31,45,1395,10
E004,CloudMigration,Support,15,40,600,17
E002,SAPUpgrade,Testing,44,45,1980,4
E009,SAPUpgrade,Research,7,30,210,28
E003,SAPUpgrade,Development,21,45,945,42
E005,Migration2024,Development,14,55,770,27
E005,CloudMigration,Development,22,35,770,9
E005,HelpDeskOps,Development,22,35,770,39
E004,DigitalTransformation,Development,25,30,750,52
E009,CloudMigration,Development,33,45,1485,51
E007,SAPUpgrade,Research,21,35,735,19
E001,DigitalTransformation,Design,43,60,2580,46
E008,HelpDeskOps,Development,13,55,715,16
E006,DigitalTransformation,Support,22,45,990,31
E009,Migration2024,QA,16,35,560,47
E007,DigitalTransformation,Support,6,55,330,42
E006,SAPUpgrade,QA,21,60,1260,18
E009,DigitalTransformation,Design,48,50,2400,24
E001,HelpDeskOps,Testing,14,55,770,29
E010,HelpDeskOps,Development,40,35,1400,48
E007,DigitalTransformation,QA,45,35,1575,31
E004,HelpDeskOps,Support,50,55,2750,41
E009,DigitalTransformation,Design,11,45,495,8
E003,Migration2024,Design,32,55,1760,6
E003,HelpDeskOps,QA,25,50,1250,24
E008,SAPUpgrade,Testing,29,45,1305,45
E008,HelpDeskOps,QA,35,60,2100,9
E005,SAPUpgrade,Support,9,60,540,36
E006,CloudMigration,Support,45,60,2700,50
E008,DigitalTransformation,Testing,18,50,900,28
E003,Migration2024,Research,28,40,1120,25
E006,HelpDeskOps,Development,39,45,1755,26
E008,HelpDeskOps,Design,29,60,1740,36
E006,CloudMigration,QA,36,35,1260,22
E008,CloudMigration,Development,31,35,1085,40
E001,CloudMigration,Support,26,40,1040,48
E003,SAPUpgrade,Research,28,45,1260,35
E007,DigitalTransformation,Research,21,60,1260,15
E008,Migration2024,Support,25,40,1000,39
E004,CloudMigration,Research,8,30,240,26
E005,CloudMigration,Development,49,35,1715,15
E008,DigitalTransformation,Design,22,35,770,5
E007,HelpDeskOps,Support,40,30,1200,43
E002,DigitalTransformation,Testing,40,35,1400,5
E008,Migration2024,Development,21,35,735,50
E006,CloudMigration,Support,7,60,420,30
E005,HelpDeskOps,QA,15,40,600,1
E001,CloudMigration,Research,42,60,2520,16
E003,CloudMigration,QA,47,45,2115,41
E006,DigitalTransformation,Testing,47,60,2820,24
E005,DigitalTransformation,QA,33,55,1815,49
E006,Migration2024,Design,27,30,810,8
E009,CloudMigration,Support,25,50,1250,38
E001,HelpDeskOps,Testing,23,50,1150,22
E007,HelpDeskOps,QA,22,60,1320,13
E007,Migration2024,Development,22,50,1100,5
E010,Migration2024,Design,23,60,1380,17
E007,DigitalTransformation,Support,14,40,560,44
E010,SAPUpgrade,Testing,22,60,1320,18
E002,DigitalTransformation,Testing,50,40,2000,3
E009,CloudMigration,Support,14,30,420,19
E007,SAPUpgrade,Research,27,45,1215,22
E010,HelpDeskOps,Testing,13,35,455,44
E002,DigitalTransformation,Research,40,55,2200,44
E002,HelpDeskOps,QA,31,50,1550,2
E009,DigitalTransformation,Testing,23,40,920,29
E008,DigitalTransformation,Testing,36,50,1800,3
E009,DigitalTransformation,QA,41,40,1640,7
E006,Migration2024,Testing,20,50,1000,45
E001,HelpDeskOps,Development,22,60,1320,15
E008,HelpDeskOps,Design,44,55,2420,43
E002,Migration2024,Support,43,55,2365,51
E008,HelpDeskOps,Research,20,40,800,36
E010,CloudMigration,Research,48,40,1920,42
E010,CloudMigration,Design,7,35,245,18
E001,CloudMigration,Research,5,35,175,23
E006,DigitalTransformation,Testing,26,30,780,20
E007,SAPUpgrade,Research,47,45,2115,29
E009,HelpDeskOps,Development,15,45,675,9
E004,Migration2024,Support,36,55,1980,29
E005,HelpDeskOps,Support,8,45,360,41
E006,HelpDeskOps,Support,11,30,330,10
E007,SAPUpgrade,Research,30,60,1800,7
E002,CloudMigration,Development,44,50,2200,16
E005,Migration2024,QA,32,30,960,47
E010,CloudMigration,Testing,21,50,1050,34
E001,SAPUpgrade,Design,12,40,480,48
E009,SAPUpgrade,Support,17,35,595,24
E006,HelpDeskOps,Development,27,60,1620,18
E004,Migration2024,Design,45,30,1350,35
E004,DigitalTransformation,Design,42,30,1260,2
E001,SAPUpgrade,Design,38,50,1900,25
E003,HelpDeskOps,Testing,46,50,2300,30
E004,SAPUpgrade,Design,11,45,495,26
E008,Migration2024,Support,40,35,1400,8
E005,SAPUpgrade,Research,15,35,525,22
E001,SAPUpgrade,Research,37,35,1295,47
E004,SAPUpgrade,Testing,26,40,1040,4
E009,Migration2024,Support,15,60,900,41
E009,SAPUpgrade,Design,30,35,1050,49
E008,SAPUpgrade,QA,28,35,980,5
E010,SAPUpgrade,Testing,29,60,1740,17
E010,SAPUpgrade,QA,6,40,240,40
E003,Migration2024,QA,13,45,585,23
E010,SAPUpgrade,Testing,49,30,1470,17
E006,CloudMigration,Design,26,55,1430,36
E004,DigitalTransformation,QA,23,55,1265,12
E008,SAPUpgrade,Development,10,60,600,40
E010,SAPUpgrade,Research,30,50,1500,42
E001,DigitalTransformation,Testing,7,40,280,37
E006,DigitalTransformation,QA,24,40,960,43
E003,HelpDeskOps,Design,13,45,585,18
E004,SAPUpgrade,Research,44,60,2640,19
E010,SAPUpgrade,Development,14,55,770,6
E010,SAPUpgrade,Design,39,35,1365,33
E003,Migration2024,Research,10,45,450,35
E010,Migration2024,Testing,29,60,1740,13
E005,CloudMigration,Testing,18,40,720,24
E009,DigitalTransformation,Testing,38,60,2280,18
E010,SAPUpgrade,QA,29,35,1015,34
E003,SAPUpgrade,Research,43,30,1290,43
E006,SAPUpgrade,Support,30,35,1050,26
E003,DigitalTransformation,Research,36,35,1260,24
E006,CloudMigration,Development,19,50,950,5
E002,HelpDeskOps,Support,47,45,2115,15
E004,DigitalTransformation,QA,11,40,440,25
E005,Migration2024,Research,16,40,640,16
E006,DigitalTransformation,Support,37,55,2035,28
E008,Migration2024,Development,20,60,1200,41
E005,CloudMigration,Testing,32,45,1440,44
E007,CloudMigration,Development,15,55,825,12
E004,SAPUpgrade,Testing,27,30,810,52
E001,Migration2024,Support,11,35,385,5
E009,DigitalTransformation,Development,25,35,875,26
E005,HelpDeskOps,QA,31,40,1240,43
E005,SAPUpgrade,Development,50,50,2500,38
E006,DigitalTransformation,Research,40,40,1600,30
E001,SAPUpgrade,QA,40,35,1400,30
E005,CloudMigration,QA,23,40,920,3
E010,SAPUpgrade,Support,45,50,2250,11
E003,HelpDeskOps,Support,11,50,550,32
E006,Migration2024,Support,41,45,1845,24
E008,DigitalTransformation,Design,11,30,330,45
E004,HelpDeskOps,Design,16,45,720,48
E007,SAPUpgrade,QA,24,40,960,51
E009,SAPUpgrade,Research,10,50,500,25
E003,CloudMigration,Research,43,60,2580,23
E004,DigitalTransformation,Research,43,30,1290,22
E009,HelpDeskOps,QA,16,60,960,2
E001,Migration2024,Development,10,45,450,28
E004,CloudMigration,QA,32,50,1600,14
E001,SAPUpgrade,Design,45,50,2250,14
E006,Migration2024,Testing,16,45,720,28
E009,HelpDeskOps,Development,30,55,1650,5
E003,HelpDeskOps,Research,5,50,250,2
E010,SAPUpgrade,Support,42,60,2520,50
E006,HelpDeskOps,Support,19,45,855,47
E006,CloudMigration,Support,15,40,600,5
E004,Migration2024,Support,40,40,1600,32
E005,HelpDeskOps,Support,43,45,1935,49
E007,HelpDeskOps,Research,44,35,1540,8
E003,Migration2024,Testing,19,30,570,35
E006,Migration2024,Research,24,60,1440,35
E009,CloudMigration,Design,5,45,225,50
E007,HelpDeskOps,Development,44,40,1760,12
E007,CloudMigration,Testing,40,55,2200,51
E003,DigitalTransformation,QA,25,40,1000,13
E005,DigitalTransformation,Design,18,30,540,12
E008,DigitalTransformation,Support,15,40,600,16
E008,Migration2024,Design,19,50,950,19
E002,DigitalTransformation,Design,22,40,880,7
E003,Migration2024,Design,12,50,600,3
E009,SAPUpgrade,Research,44,45,1980,34
E002,Migration2024,Support,35,30,1050,44
E007,HelpDeskOps,Development,19,40,760,13
E006,DigitalTransformation,Design,47,35,1645,24
E005,DigitalTransformation,Research,25,30,750,40
E001,SAPUpgrade,QA,11,60,660,34
E003,HelpDeskOps,Design,9,40,360,49
E006,HelpDeskOps,Testing,7,30,210,49
E007,HelpDeskOps,Testing,47,40,1880,34
E006,SAPUpgrade,Support,49,35,1715,47
E002,Migration2024,Research,38,40,1520,43
E007,SAPUpgrade,Research,19,60,1140,25
E005,SAPUpgrade,QA,22,40,880,6
E009,DigitalTransformation,Research,12,50,600,11
E005,Migration2024,Development,46,40,1840,47
E007,HelpDeskOps,Support,45,60,2700,10
E004,Migration2024,Development,27,60,1620,8
E006,SAPUpgrade,QA,41,45,1845,9
E004,SAPUpgrade,Design,47,30,1410,30
E002,SAPUpgrade,Research,20,60,1200,37
E008,DigitalTransformation,Testing,43,40,1720,39
E003,SAPUpgrade,Development,26,35,910,13
E010,HelpDeskOps,Design,38,35,1330,22
E004,SAPUpgrade,Development,40,55,2200,5
E008,SAPUpgrade,Development,17,30,510,21
E010,DigitalTransformation,QA,5,40,200,27
E010,SAPUpgrade,QA,8,50,400,35
E007,DigitalTransformation,Design,31,35,1085,40
E007,DigitalTransformation,QA,5,35,175,37
E007,Migration2024,Development,11,55,605,33
E009,DigitalTransformation,Testing,23,45,1035,22
E002,Migration2024,Design,13,45,585,30
E010,HelpDeskOps,Development,17,40,680,27
E005,SAPUpgrade,Research,45,50,2250,44
E008,DigitalTransformation,Support,9,35,315,42
E009,HelpDeskOps,Research,25,30,750,31
E010,Migration2024,Support,42,40,1680,51
E010,CloudMigration,Design,39,45,1755,28
E010,Migration2024,QA,25,45,1125,41
E005,CloudMigration,Design,48,55,2640,34
E010,Migration2024,Design,41,45,1845,18
E004,SAPUpgrade,Development,32,60,1920,26
E005,HelpDeskOps,Design,14,55,770,44
E006,HelpDeskOps,Development,49,55,2695,52
E006,SAPUpgrade,Design,20,55,1100,14
E010,Migration2024,Support,48,50,2400,20
E010,SAPUpgrade,Development,18,55,990,14
E001,SAPUpgrade,Development,28,50,1400,16
E010,CloudMigration,QA,12,50,600,10
E008,DigitalTransformation,QA,12,30,360,7
E009,SAPUpgrade,Research,45,40,1800,37
E009,Migration2024,QA,24,35,840,30
E004,HelpDeskOps,Testing,11,30,330,9
E002,DigitalTransformation,QA,31,60,1860,45
E004,CloudMigration,Support,34,60,2040,39
E008,CloudMigration,Support,31,60,1860,24
E003,Migration2024,QA,6,35,210,2
E008,Migration2024,Testing,10,50,500,32
E009,HelpDeskOps,Development,37,55,2035,40
E002,DigitalTransformation,Design,46,35,1610,4
E002,DigitalTransformation,Testing,39,40,1560,28
E005,DigitalTransformation,Support,20,60,1200,8
E003,HelpDeskOps,Testing,13,45,585,29
E003,Migration2024,Support,47,35,1645,21
E007,SAPUpgrade,Support,12,55,660,1
E009,HelpDeskOps,Support,33,60,1980,9
E003,Migration2024,Research,48,60,2880,39
E003,SAPUpgrade,QA,26,45,1170,49
E008,CloudMigration,Research,10,45,450,15
E009,Migration2024,QA,46,50,2300,4
E009,SAPUpgrade,Development,48,30,1440,29
E009,Migration2024,Research,13,45,585,43
E002,SAPUpgrade,Testing,20,50,1000,52
E009,SAPUpgrade,Design,36,60,2160,51
E008,HelpDeskOps,Support,42,60,2520,46
E004,SAPUpgrade,Development,13,35,455,10
E007,HelpDeskOps,QA,5,50,250,16
E004,Migration2024,Research,16,40,640,41
E006,DigitalTransformation,QA,35,45,1575,22
E007,DigitalTransformation,Research,15,55,825,26
E008,DigitalTransformation,Testing,34,45,1530,10
E003,SAPUpgrade,Development,24,30,720,51
E002,Migration2024,Testing,21,40,840,47
E010,SAPUpgrade,Support,14,50,700,32
E003,HelpDeskOps,Design,34,35,1190,18
E003,HelpDeskOps,Support,27,50,1350,12
E005,CloudMigration,Research,24,50,1200,17
E004,Migration2024,QA,40,60,2400,29
E001,Migration2024,Support,44,55,2420,46
E002,Migration2024,Testing,25,60,1500,4
E002,CloudMigration,Design,45,50,2250,51
E004,CloudMigration,QA,40,60,2400,21
E004,CloudMigration,Testing,41,40,1640,29
E009,Migration2024,Development,26,30,780,3
E006,DigitalTransformation,QA,34,30,1020,18
E007,Migration2024,QA,5,35,175,2
E003,SAPUpgrade,Research,33,35,1155,36
E003,Migration2024,Design,47,45,2115,3
E006,DigitalTransformation,Support,10,35,350,41
E005,SAPUpgrade,Development,12,55,660,20
E003,CloudMigration,Design,30,60,1800,17
E008,DigitalTransformation,Research,9,45,405,17
E005,CloudMigration,Testing,26,55,1430,32
E009,HelpDeskOps,Testing,32,40,1280,24
E006,SAPUpgrade,Research,30,55,1650,31
E007,SAPUpgrade,Support,48,45,2160,26
E008,CloudMigration,Design,48,60,2880,29
E003,DigitalTransformation,Support,48,55,2640,50
E007,SAPUpgrade,Research,8,35,280,32
E005,HelpDeskOps,Design,37,45,1665,46
E001,CloudMigration,Support,34,50,1700,29
E002,CloudMigration,QA,19,55,1045,44
E009,HelpDeskOps,Development,25,50,1250,18
E008,Migration2024,Testing,19,35,665,8
E005,SAPUpgrade,QA,24,30,720,47
E009,HelpDeskOps,Testing,16,60,960,50
E009,Migration2024,Development,17,50,850,34
E003,HelpDeskOps,Development,50,45,2250,49
E009,SAPUpgrade,Development,30,30,900,20
E008,SAPUpgrade,Research,44,50,2200,36
E008,Migration2024,Support,39,35,1365,19
E007,DigitalTransformation,QA,10,30,300,39
E003,DigitalTransformation,Testing,22,35,770,12
E005,CloudMigration,Design,37,40,1480,2
E005,HelpDeskOps,Support,42,45,1890,33
E009,CloudMigration,QA,27,40,1080,35
E005,CloudMigration,Development,17,55,935,33
E010,Migration2024,Design,19,30,570,32
E005,HelpDeskOps,Design,7,60,420,13
E006,HelpDeskOps,Development,47,55,2585,16
E003,HelpDeskOps,Testing,39,50,1950,3
E005,HelpDeskOps,Design,23,60,1380,42
E006,SAPUpgrade,Development,30,30,900,6
E005,Migration2024,QA,18,55,990,51
E007,SAPUpgrade,Support,17,60,1020,52
E008,HelpDeskOps,Testing,13,30,390,32
E001,DigitalTransformation,QA,24,55,1320,51
E003,SAPUpgrade,Testing,35,30,1050,21
E010,CloudMigration,Testing,32,30,960,31
E004,HelpDeskOps,QA,14,40,560,23
E009,Migration2024,Support,7,60,420,40
E005,SAPUpgrade,Design,43,35,1505,37
E002,HelpDeskOps,Design,16,55,880,43
E008,DigitalTransformation,Design,15,60,900,36
E010,HelpDeskOps,Research,27,55,1485,35
E009,CloudMigration,Testing,10,55,550,6
E005,CloudMigration,QA,30,40,1200,34
E007,SAPUpgrade,Testing,6,45,270,50
E001,CloudMigration,Support,28,30,840,18
E008,HelpDeskOps,Support,18,30,540,16
E008,CloudMigration,Development,12,50,600,44
E002,Migration2024,Research,40,60,2400,52
E004,Migration2024,Testing,9,50,450,43
E005,SAPUpgrade,Design,32,35,1120,14
E007,HelpDeskOps,Design,10,45,450,8
E005,DigitalTransformation,Design,11,35,385,36
E006,DigitalTransformation,Development,8,55,440,10
E008,SAPUpgrade,Design,44,50,2200,47
E001,HelpDeskOps,Research,35,60,2100,6
E001,CloudMigration,Design,24,50,1200,50
E009,Migration2024,Design,35,40,1400,20
E005,CloudMigration,QA,5,45,225,14
E004,Migration2024,Development,19,30,570,7
E010,DigitalTransformation,Design,34,55,1870,52
E004,DigitalTransformation,Support,50,35,1750,22
E001,HelpDeskOps,Design,48,50,2400,6
E005,HelpDeskOps,Research,50,35,1750,13
E007,SAPUpgrade,Support,30,40,1200,52
E010,CloudMigration,QA,10,50,500,43
E001,CloudMigration,Testing,41,60,2460,39
E008,DigitalTransformation,Development,36,60,2160,20
E010,HelpDeskOps,Testing,25,35,875,32
E002,CloudMigration,Support,42,45,1890,49
E001,Migration2024,Development,49,50,2450,26
E006,HelpDeskOps,Support,25,45,1125,15
E009,Migration2024,Development,25,55,1375,4
E010,CloudMigration,Development,36,55,1980,44
E003,Migration2024,Development,29,55,1595,47
E002,SAPUpgrade,Design,45,50,2250,22
E003,HelpDeskOps,Research,46,55,2530,49
E010,CloudMigration,Research,39,45,1755,33
E003,HelpDeskOps,Design,50,55,2750,17
E007,Migration2024,QA,29,50,1450,30
E010,HelpDeskOps,Research,37,55,2035,51
E005,Migration2024,Research,9,45,405,37
E008,CloudMigration,Research,44,40,1760,9
E004,SAPUpgrade,Development,15,40,600,19
E004,SAPUpgrade,Development,39,45,1755,33
E010,SAPUpgrade,Research,47,60,2820,36
E003,SAPUpgrade,Design,10,45,450,11
E008,Migration2024,QA,44,45,1980,22
E007,SAPUpgrade,Testing,43,35,1505,14
E007,HelpDeskOps,Research,49,55,2695,48
E005,DigitalTransformation,Design,22,60,1320,7
E008,DigitalTransformation,Design,20,30,600,42
E002,CloudMigration,Testing,42,40,1680,26
E006,CloudMigration,Development,48,35,1680,50
E007,DigitalTransformation,Research,11,50,550,25
E002,Migration2024,Support,25,30,750,49
E002,CloudMigration,Design,8,35,280,25
E001,DigitalTransformation,Testing,39,45,1755,23
E003,CloudMigration,Research,45,45,2025,5
E010,Migration2024,Support,44,60,2640,27
E001,SAPUpgrade,Research,15,30,450,8
E007,Migration2024,Testing,40,60,2400,32
E008,CloudMigration,Support,27,35,945,19
E010,DigitalTransformation,QA,43,55,2365,47
E002,CloudMigration,Testing,26,35,910,49
E010,Migration2024,Research,46,45,2070,15
E003,CloudMigration,Development,9,30,270,51
E009,SAPUpgrade,Research,11,45,495,16
E010,CloudMigration,Testing,34,45,1530,49
E004,CloudMigration,Design,18,45,810,22
E010,SAPUpgrade,Design,45,40,1800,6
E001,DigitalTransformation,Development,41,35,1435,8
E006,CloudMigration,Support,49,60,2940,2
E008,Migration2024,Support,38,55,2090,48
E010,CloudMigration,QA,17,35,595,35
E008,SAPUpgrade,Research,24,45,1080,21
E009,DigitalTransformation,Development,12,50,600,11
E004,Migration2024,QA,26,30,780,19
E001,SAPUpgrade,Support,24,50,1200,43
E004,HelpDeskOps,Research,31,30,930,15
E008,DigitalTransformation,Research,9,40,360,5
E010,CloudMigration,Testing,7,30,210,38
E010,Migration2024,QA,17,50,850,9
E004,DigitalTransformation,Design,34,40,1360,45
E007,Migration2024,QA,11,60,660,46
E003,HelpDeskOps,Development,32,60,1920,46
E002,CloudMigration,Research,27,45,1215,15
E005,Migration2024,Research,50,35,1750,10
E010,Migration2024,Design,48,50,2400,44
E009,HelpDeskOps,Design,28,30,840,8
E005,Migration2024,Development,12,50,600,4
E008,DigitalTransformation,QA,44,45,1980,21
E004,CloudMigration,Testing,9,50,450,26
E002,SAPUpgrade,Support,27,45,1215,14
E006,HelpDeskOps,Support,21,35,735,44
E007,SAPUpgrade,Research,12,50,600,18
E006,SAPUpgrade,Design,6,30,180,4
E006,Migration2024,QA,30,50,1500,30
E009,DigitalTransformation,Design,34,50,1700,10
E010,SAPUpgrade,QA,19,30,570,28
E006,Migration2024,Support,15,40,600,40
E004,HelpDeskOps,Research,8,30,240,23
E006,HelpDeskOps,Design,14,35,490,7
E001,CloudMigration,Development,28,30,840,46
E005,DigitalTransformation,QA,10,30,300,30
E010,HelpDeskOps,QA,22,45,990,39
E005,Migration2024,QA,47,30,1410,12
E009,HelpDeskOps,QA,10,30,300,14
E001,CloudMigration,QA,29,55,1595,8
E001,CloudMigration,Research,12,55,660,28
E009,SAPUpgrade,Testing,43,35,1505,18
E002,Migration2024,Design,32,55,1760,26
E001,Migration2024,QA,15,50,750,36
E008,Migration2024,Testing,25,35,875,1
E008,CloudMigration,Support,16,60,960,3
E007,Migration2024,Development,16,30,480,15
E001,Migration2024,Research,12,50,600,38
E006,HelpDeskOps,Development,28,45,1260,47
E006,CloudMigration,Development,6,35,210,14
E010,HelpDeskOps,Support,17,50,850,16
E005,DigitalTransformation,Development,34,50,1700,6
E008,DigitalTransformation,Design,45,35,1575,1
E009,HelpDeskOps,QA,47,60,2820,27
E010,Migration2024,Development,16,60,960,51
E007,HelpDeskOps,Research,23,50,1150,29
E009,CloudMigration,Support,18,35,630,51
E007,CloudMigration,QA,15,45,675,11
E005,HelpDeskOps,Testing,19,60,1140,2
E009,Migration2024,Testing,33,35,1155,25
E003,SAPUpgrade,Support,8,60,480,33
E007,Migration2024,QA,16,50,800,6
E008,HelpDeskOps,Support,8,60,480,41
E003,HelpDeskOps,Design,24,40,960,28
E001,HelpDeskOps,Research,28,35,980,39
E005,DigitalTransformation,Design,12,60,720,30
E004,Migration2024,QA,11,35,385,34
E002,Migration2024,QA,24,45,1080,21
E006,DigitalTransformation,Development,41,45,1845,41
E003,CloudMigration,QA,30,40,1200,39
E008,Migration2024,Support,35,40,1400,33
E010,CloudMigration,Design,40,50,2000,4
E001,SAPUpgrade,Testing,41,50,2050,16
E005,SAPUpgrade,Research,29,55,1595,8
E001,HelpDeskOps,QA,13,40,520,38
E010,Migration2024,QA,46,55,2530,2
E002,DigitalTransformation,Support,41,50,2050,51
E002,HelpDeskOps,QA,20,40,800,27
E002,Migration2024,Research,19,40,760,44
E004,CloudMigration,QA,47,50,2350,15
E006,CloudMigration,Testing,38,30,1140,38
E002,SAPUpgrade,Development,48,30,1440,51
E001,CloudMigration,Testing,47,30,1410,10
E010,SAPUpgrade,Testing,45,35,1575,50
E008,SAPUpgrade,Support,18,60,1080,49
E007,HelpDeskOps,Support,28,55,1540,11
E001,CloudMigration,QA,34,35,1190,35
E003,DigitalTransformation,QA,31,30,930,45
E004,HelpDeskOps,Design,44,45,1980,1
E005,SAPUpgrade,Design,23,60,1380,44
E006,Migration2024,Research,39,60,2340,39
E003,SAPUpgrade,Design,27,55,1485,5
E008,CloudMigration,QA,19,30,570,33
E004,DigitalTransformation,Research,12,45,540,4
E004,CloudMigration,Development,45,50,2250,13
E001,CloudMigration,Research,39,40,1560,10
E004,Migration2024,QA,33,50,1650,6
E005,HelpDeskOps,Research,12,35,420,15
E001,HelpDeskOps,Testing,6,40,240,48
E006,DigitalTransformation,Development,24,60,1440,21
E008,CloudMigration,Research,36,45,1620,1
E010,HelpDeskOps,Support,12,40,480,33
E003,DigitalTransformation,QA,11,60,660,50
E004,SAPUpgrade,Research,10,60,600,52
E007,CloudMigration,Testing,15,60,900,51
E007,Migration2024,QA,14,55,770,24
E003,CloudMigration,Support,20,55,1100,27
E006,CloudMigration,Testing,38,50,1900,35
E006,HelpDeskOps,Research,44,55,2420,51
E004,CloudMigration,Support,26,55,1430,12
E004,CloudMigration,Testing,25,35,875,13
E005,Migration2024,QA,32,55,1760,46
E006,SAPUpgrade,Design,9,35,315,27
E003,CloudMigration,Testing,20,60,1200,12
E009,DigitalTransformation,Development,37,50,1850,31
E003,Migration2024,Development,13,50,650,16
E008,CloudMigration,Testing,22,55,1210,21
E009,CloudMigration,Design,24,30,720,26
E009,SAPUpgrade,Research,20,50,1000,38
E006,Migration2024,Testing,20,55,1100,39
E001,CloudMigration,Testing,9,35,315,41
E006,SAPUpgrade,Testing,17,60,1020,44
E005,Migration2024,Design,12,55,660,6
E009,CloudMigration,Support,33,35,1155,31
E008,DigitalTransformation,Design,43,40,1720,41
E008,SAPUpgrade,Development,46,35,1610,35
E001,Migration2024,Research,31,45,1395,19
E008,SAPUpgrade,Testing,27,35,945,1
E004,SAPUpgrade,QA,45,35,1575,50
E010,Migration2024,Design,6,50,300,21
E007,Migration2024,Development,30,55,1650,50
E004,DigitalTransformation,Design,18,50,900,1
E007,DigitalTransformation,Support,40,30,1200,6
E010,DigitalTransformation,QA,15,55,825,4
E002,DigitalTransformation,Development,15,35,525,42
E001,Migration2024,Design,34,60,2040,34
E005,SAPUpgrade,QA,49,45,2205,38
E001,Migration2024,Testing,35,45,1575,28
E009,HelpDeskOps,Development,48,35,1680,14
E009,SAPUpgrade,Design,13,45,585,30
E005,DigitalTransformation,QA,45,35,1575,44
E008,Migration2024,Research,9,40,360,1
E005,Migration2024,Research,49,30,1470,52
E003,HelpDeskOps,Design,8,55,440,20
E003,HelpDeskOps,Design,29,45,1305,25
E003,Migration2024,QA,18,55,990,16
E001,Migration2024,Development,10,50,500,40
E004,DigitalTransformation,QA,44,50,2200,5
E005,DigitalTransformation,Research,17,40,680,4
E003,SAPUpgrade,Research,25,60,1500,49
E008,HelpDeskOps,Development,32,60,1920,37
E010,CloudMigration,QA,32,35,1120,4
E005,Migration2024,Design,49,55,2695,23
E002,CloudMigration,Support,23,55,1265,17
E001,CloudMigration,Support,23,50,1150,52
E004,HelpDeskOps,QA,23,40,920,10
E006,DigitalTransformation,Research,35,60,2100,7
E008,Migration2024,Research,6,45,270,11
E005,HelpDeskOps,Research,39,35,1365,18
E003,SAPUpgrade,Development,25,40,1000,49
E002,HelpDeskOps,Design,48,30,1440,28
E006,DigitalTransformation,Testing,17,55,935,3
E009,HelpDeskOps,Testing,14,55,770,31
E004,CloudMigration,Research,35,45,1575,11
E004,Migration2024,Support,45,45,2025,9
E008,CloudMigration,Support,36,30,1080,13
E006,HelpDeskOps,Design,18,30,540,30
E008,CloudMigration,Testing,31,30,930,50
E008,Migration2024,Support,42,50,2100,25
E002,HelpDeskOps,Support,47,30,1410,44
E004,Migration2024,Research,10,45,450,6
E009,Migration2024,Development,44,55,2420,29
E006,CloudMigration,Design,41,60,2460,39
E004,DigitalTransformation,Testing,14,50,700,48
E009,SAPUpgrade,Testing,27,55,1485,8
E009,HelpDeskOps,Support,39,45,1755,50
E004,CloudMigration,Design,11,60,660,15
E002,Migration2024,QA,42,30,1260,39
E010,Migration2024,Research,40,60,2400,21
E004,DigitalTransformation,Research,25,30,750,48
E002,SAPUpgrade,Design,8,55,440,52
E008,DigitalTransformation,QA,50,35,1750,35
E009,Migration2024,Support,32,55,1760,45
E001,CloudMigration,Design,42,40,1680,47
E009,Migration2024,Support,46,50,2300,12
E010,Migration2024,Research,17,55,935,19
E002,DigitalTransformation,Development,24,55,1320,2
E005,SAPUpgrade,Development,41,55,2255,28
E010,CloudMigration,Support,23,45,1035,19
E008,DigitalTransformation,Development,19,35,665,50
E010,DigitalTransformation,Design,25,45,1125,9
E003,DigitalTransformation,Support,10,60,600,49
E005,Migration2024,Research,8,30,240,42
E006,Migration2024,QA,39,50,1950,7
E001,CloudMigration,Support,27,35,945,26
E006,HelpDeskOps,Design,15,35,525,48
E005,HelpDeskOps,Research,39,40,1560,27
E001,HelpDeskOps,Research,8,40,320,20
E004,SAPUpgrade,Testing,24,60,1440,31
E001,DigitalTransformation,Testing,50,55,2750,19
E007,HelpDeskOps,Testing,25,35,875,6
E007,CloudMigration,Testing,32,40,1280,8
E002,Migration2024,Testing,33,40,1320,46
E009,DigitalTransformation,QA,29,45,1305,9
E007,CloudMigration,Research,49,45,2205,13
E002,CloudMigration,QA,22,60,1320,43
E007,Migration2024,QA,45,30,1350,15
E003,HelpDeskOps,Research,20,35,700,44
E003,HelpDeskOps,Support,46,60,2760,48
E002,Migration2024,Design,14,30,420,12
E009,Migration2024,Development,14,50,700,24
E008,SAPUpgrade,Design,44,40,1760,25
E001,DigitalTransformation,Support,24,35,840,18
E006,SAPUpgrade,Research,17,35,595,6
E003,SAPUpgrade,QA,15,50,750,47
E004,DigitalTransformation,Testing,36,40,1440,48
E007,SAPUpgrade,Testing,19,35,665,12
E005,HelpDeskOps,QA,39,35,1365,48
E004,HelpDeskOps,Support,28,35,980,16
E004,DigitalTransformation,Development,16,45,720,34
E005,SAPUpgrade,QA,40,60,2400,36
E007,CloudMigration,Support,35,35,1225,23
E006,SAPUpgrade,QA,12,35,420,36
E010,CloudMigration,Research,33,45,1485,43
E007,CloudMigration,Research,23,45,1035,31
E001,DigitalTransformation,Development,18,60,1080,2
E007,HelpDeskOps,Testing,14,30,420,40
E010,DigitalTransformation,QA,26,45,1170,2
E009,CloudMigration,Research,34,30,1020,28
E010,SAPUpgrade,Testing,11,45,495,17
E004,DigitalTransformation,Support,15,40,600,32
E008,Migration2024,Support,15,55,825,38
E007,DigitalTransformation,Testing,39,60,2340,31
E005,Migration2024,QA,42,40,1680,4
E009,DigitalTransformation,Testing,13,55,715,17
E004,Migration2024,Design,18,35,630,39
E002,CloudMigration,Support,24,35,840,34
E002,DigitalTransformation,Testing,24,50,1200,50
E001,DigitalTransformation,Research,7,35,245,36
E005,Migration2024,Design,39,60,2340,21
E010,DigitalTransformation,Design,13,55,715,20
E010,CloudMigration,QA,12,45,540,4
E003,SAPUpgrade,QA,41,45,1845,13
E005,HelpDeskOps,QA,32,40,1280,20
E007,HelpDeskOps,Support,32,30,960,50
E008,HelpDeskOps,Support,43,35,1505,2
E006,CloudMigration,Testing,10,50,500,1
E007,DigitalTransformation,Testing,9,50,450,13
E001,CloudMigration,Testing,38,50,1900,39
E004,SAPUpgrade,Research,26,60,1560,11
E003,DigitalTransformation,Development,12,55,660,35
E004,HelpDeskOps,QA,9,45,405,6
E010,CloudMigration,Support,14,45,630,39
E009,CloudMigration,Design,27,60,1620,27
E008,SAPUpgrade,Design,23,50,1150,51
E009,SAPUpgrade,Support,43,40,1720,10
E002,SAPUpgrade,QA,32,30,960,3
E010,Migration2024,Testing,7,30,210,16
E010,DigitalTransformation,Support,24,45,1080,16
E009,HelpDeskOps,Testing,29,45,1305,4
E010,CloudMigration,Research,5,60,300,47
E007,CloudMigration,Support,36,60,2160,30
E007,HelpDeskOps,Testing,32,45,1440,27
E006,SAPUpgrade,Development,23,45,1035,49
E005,SAPUpgrade,Testing,41,45,1845,52
E005,HelpDeskOps,Development,16,55,880,3
E010,DigitalTransformation,Research,26,30,780,46
E006,Migration2024,Design,6,55,330,19
E008,Migration2024,Testing,30,55,1650,5
E004,Migration2024,Support,48,40,1920,42
E010,HelpDeskOps,Testing,23,50,1150,36
E004,CloudMigration,Development,8,30,240,24
E008,DigitalTransformation,Development,14,60,840,21
E009,Migration2024,Support,22,55,1210,32
E006,CloudMigration,Development,46,50,2300,45
E010,SAPUpgrade,Support,6,50,300,33
E009,HelpDeskOps,Research,25,35,875,13
E007,SAPUpgrade,Design,23,35,805,51
E005,SAPUpgrade,Support,16,30,480,9
E004,HelpDeskOps,Design,49,30,1470,39
E002,DigitalTransformation,QA,32,50,1600,16
E010,CloudMigration,Research,35,40,1400,45
E009,DigitalTransformation,Development,43,40,1720,7
E005,DigitalTransformation,Research,41,30,1230,41
E004,CloudMigration,Testing,33,45,1485,2
E003,CloudMigration,Development,37,30,1110,27
E010,HelpDeskOps,Research,42,30,1260,19
E004,CloudMigration,Testing,42,55,2310,25
E008,CloudMigration,Testing,21,30,630,8
E009,HelpDeskOps,Research,32,40,1280,10
E005,HelpDeskOps,Research,39,45,1755,49
E009,DigitalTransformation,Support,37,60,2220,26
E004,Migration2024,Design,24,50,1200,31
E001,DigitalTransformation,Development,26,40,1040,38
E010,SAPUpgrade,Support,39,45,1755,44
E005,DigitalTransformation,Testing,30,40,1200,41
E009,HelpDeskOps,Design,45,30,1350,17
E010,CloudMigration,Support,49,60,2940,3
E006,Migration2024,Support,33,50,1650,9
E010,SAPUpgrade,Development,26,55,1430,40
E007,CloudMigration,Testing,42,50,2100,4
E005,CloudMigration,Research,25,55,1375,48
E003,CloudMigration,Testing,9,30,270,48
E004,SAPUpgrade,Research,26,50,1300,2
E003,Migration2024,Research,46,40,1840,35
E009,Migration2024,Support,46,60,2760,13
E002,HelpDeskOps,Testing,38,40,1520,42
E008,SAPUpgrade,Research,35,60,2100,38
E007,CloudMigration,Support,33,35,1155,24
E002,SAPUpgrade,QA,18,30,540,14
E008,DigitalTransformation,Research,37,35,1295,13
E006,SAPUpgrade,Research,27,30,810,22
E005,Migration2024,QA,11,30,330,39
E010,Migration2024,Testing,47,30,1410,42
E009,DigitalTransformation,Support,37,45,1665,14
E004,SAPUpgrade,Support,7,35,245,48
E006,DigitalTransformation,Development,16,50,800,7
E006,Migration2024,Testing,43,55,2365,27
E005,SAPUpgrade,Development,44,45,1980,8
E009,HelpDeskOps,QA,38,35,1330,27
E002,CloudMigration,Research,30,60,1800,28
E007,SAPUpgrade,Development,7,60,420,42
E005,DigitalTransformation,QA,39,30,1170,10
E001,HelpDeskOps,QA,43,45,1935,19
E005,Migration2024,Research,36,55,1980,19
E003,DigitalTransformation,QA,13,30,390,17
E001,SAPUpgrade,Support,9,45,405,49
E001,CloudMigration,Support,23,35,805,37
E009,SAPUpgrade,Support,47,60,2820,22
E005,Migration2024,Research,30,40,1200,28
E003,DigitalTransformation,QA,21,50,1050,10
E002,DigitalTransformation,Research,12,60,720,27
E001,DigitalTransformation,Testing,22,30,660,4
E002,Migration2024,Research,50,40,2000,7
E004,SAPUpgrade,Research,25,55,1375,23
E005,SAPUpgrade,Support,34,35,1190,24
E003,DigitalTransformation,Support,22,45,990,14
E007,SAPUpgrade,Development,14,40,560,19
E008,DigitalTransformation,Support,37,35,1295,23
E009,CloudMigration,Support,44,60,2640,47
E005,CloudMigration,Research,40,50,2000,25
E008,SAPUpgrade,Research,5,55,275,51
E010,CloudMigration,Support,44,35,1540,16
E006,CloudMigration,Testing,32,35,1120,39
E010,HelpDeskOps,Development,5,50,250,34
E009,SAPUpgrade,Testing,48,55,2640,50
E003,HelpDeskOps,Development,13,50,650,19
E008,HelpDeskOps,Research,40,30,1200,21
E006,HelpDeskOps,Support,39,45,1755,22
E007,Migration2024,Design,47,40,1880,38
E004,HelpDeskOps,Testing,28,45,1260,46
E002,Migration2024,Testing,22,30,660,47
E008,Migration2024,Research,44,30,1320,19
E001,HelpDeskOps,Testing,9,40,360,21
E007,CloudMigration,Testing,13,30,390,52
E006,CloudMigration,Research,16,45,720,37
E005,Migration2024,Design,38,45,1710,43
E004,DigitalTransformation,QA,15,35,525,49
E009,Migration2024,Design,46,60,2760,27
E009,DigitalTransformation,Support,8,55,440,47
E007,SAPUpgrade,Design,8,40,320,4
E006,Migration2024,Research,10,40,400,25
E003,HelpDeskOps,Testing,31,50,1550,21
E007,DigitalTransformation,Research,17,45,765,1
E009,SAPUpgrade,Research,30,35,1050,41
E010,HelpDeskOps,Development,20,30,600,32
E001,HelpDeskOps,Research,19,45,855,46
E006,DigitalTransformation,Support,40,40,1600,12
E002,Migration2024,Support,23,45,1035,36
E003,Migration2024,Research,31,35,1085,27
E003,SAPUpgrade,Support,12,45,540,5
E002,SAPUpgrade,Design,11,40,440,52
E001,Migration2024,Support,35,55,1925,6
E007,Migration2024,Development,41,60,2460,22
E003,HelpDeskOps,QA,26,35,910,7
E001,SAPUpgrade,Development,37,55,2035,51
E009,Migration2024,Design,48,35,1680,38
E010,SAPUpgrade,Testing,47,35,1645,19
E003,HelpDeskOps,QA,17,55,935,50
E010,Migration2024,Support,15,45,675,39
E001,DigitalTransformation,Development,21,40,840,47
E007,HelpDeskOps,Support,30,55,1650,42
E010,CloudMigration,Support,9,60,540,18
E007,DigitalTransformation,Support,35,35,1225,40
E004,DigitalTransformation,Support,8,40,320,20
E005,Migration2024,Support,45,55,2475,35
E006,SAPUpgrade,Testing,43,35,1505,35
E002,HelpDeskOps,Research,23,40,920,47
E001,CloudMigration,QA,36,35,1260,3
E008,SAPUpgrade,QA,40,40,1600,14
E010,CloudMigration,Support,15,60,900,30
E003,CloudMigration,Design,8,35,280,49
E003,Migration2024,Support,21,55,1155,3
E008,CloudMigration,Testing,11,40,440,26
E009,DigitalTransformation,Testing,21,40,840,43
E010,HelpDeskOps,Development,47,50,2350,17
E009,DigitalTransformation,QA,31,40,1240,12
E007,SAPUpgrade,Design,23,45,1035,47
E007,HelpDeskOps,Design,19,60,1140,29
E010,SAPUpgrade,Testing,40,55,2200,36
E004,SAPUpgrade,Research,48,40,1920,6
E005,SAPUpgrade,QA,22,30,660,25
E010,HelpDeskOps,Research,5,50,250,22
E001,HelpDeskOps,Design,39,55,2145,7
E009,CloudMigration,Support,15,30,450,12
E004,DigitalTransformation,QA,31,30,930,4
E003,DigitalTransformation,Support,28,55,1540,37
E009,HelpDeskOps,Development,30,50,1500,47
E007,Migration2024,Testing,16,50,800,15
E004,CloudMigration,Development,22,30,660,42
E005,CloudMigration,QA,27,55,1485,52
E002,Migration2024,Design,13,50,650,19
E001,HelpDeskOps,Design,10,50,500,49
E003,SAPUpgrade,Testing,25,40,1000,31
E001,HelpDeskOps,Development,19,30,570,8
E006,CloudMigration,Design,11,55,605,22
E001,HelpDeskOps,Development,21,35,735,46
E005,CloudMigration,Design,21,60,1260,35
E010,DigitalTransformation,QA,34,35,1190,8
E001,Migration2024,Development,39,55,2145,25
E005,SAPUpgrade,Development,33,45,1485,3
E005,CloudMigration,QA,16,50,800,49
E008,SAPUpgrade,QA,19,60,1140,34
E005,DigitalTransformation,Design,26,45,1170,9
E002,HelpDeskOps,Testing,24,35,840,35
E005,Migration2024,Testing,20,55,1100,13
E002,SAPUpgrade,Testing,24,55,1320,22
E003,SAPUpgrade,Testing,21,60,1260,4
E003,HelpDeskOps,QA,11,35,385,34
E010,SAPUpgrade,Research,5,35,175,26
E008,SAPUpgrade,Research,16,35,560,8
E009,CloudMigration,Research,25,50,1250,29
E005,SAPUpgrade,QA,19,60,1140,18
E002,Migration2024,Development,21,35,735,28
E001,CloudMigration,Research,7,35,245,36
E007,Migration2024,Research,43,45,1935,12
E006,Migration2024,Design,28,60,1680,30
E001,Migration2024,Development,47,40,1880,26
E010,SAPUpgrade,Design,11,30,330,39
E005,SAPUpgrade,Testing,27,45,1215,16
E005,Migration2024,Design,16,35,560,3
E002,SAPUpgrade,Development,13,50,650,39
E007,Migration2024,Testing,6,35,210,19
E001,HelpDeskOps,Research,37,30,1110,19
E010,Migration2024,Development,27,45,1215,36
E001,SAPUpgrade,QA,7,45,315,4
E007,Migration2024,Design,26,55,1430,39
E004,HelpDeskOps,Research,31,45,1395,27
E002,SAPUpgrade,QA,25,45,1125,18
E003,CloudMigration,Design,37,35,1295,27
E003,DigitalTransformation,Design,46,30,1380,38
E006,Migration2024,QA,16,40,640,46
E005,SAPUpgrade,Development,43,30,1290,48
E008,CloudMigration,Design,18,35,630,6
E004,DigitalTransformation,Design,36,35,1260,31
E003,CloudMigration,Testing,29,40,1160,45
E004,CloudMigration,Support,13,35,455,34
E001,SAPUpgrade,Research,11,45,495,50
E008,HelpDeskOps,Design,42,35,1470,17
E008,DigitalTransformation,Support,13,50,650,34
E005,Migration2024,Support,15,60,900,39
E004,HelpDeskOps,Research,23,60,1380,23
E004,SAPUpgrade,Testing,49,40,1960,28
E004,DigitalTransformation,Support,32,55,1760,22
E001,SAPUpgrade,Development,6,50,300,43
E007,HelpDeskOps,Testing,9,40,360,20
E002,CloudMigration,Testing,50,30,1500,8
E005,CloudMigration,QA,31,40,1240,51
E007,HelpDeskOps,Testing,28,40,1120,10
E007,SAPUpgrade,Testing,27,60,1620,18
E007,SAPUpgrade,Development,7,40,280,52
E006,Migration2024,Research,25,60,1500,34
E008,CloudMigration,Testing,20,40,800,31
E001,HelpDeskOps,Development,46,30,1380,10
E007,DigitalTransformation,Support,23,35,805,1
E001,HelpDeskOps,Support,48,40,1920,25
E004,SAPUpgrade,Testing,41,55,2255,47
E002,HelpDeskOps,Testing,8,50,400,34
E008,SAPUpgrade,QA,22,55,1210,17
E001,HelpDeskOps,Research,47,60,2820,11
E009,CloudMigration,Support,27,45,1215,39
E008,Migration2024,QA,35,40,1400,2
E008,SAPUpgrade,Research,18,55,990,40
E004,SAPUpgrade,Development,32,40,1280,10
E009,DigitalTransformation,Testing,40,30,1200,22
E002,HelpDeskOps,Testing,38,50,1900,22
E006,DigitalTransformation,Development,48,35,1680,34
E009,HelpDeskOps,Development,37,60,2220,23
E001,SAPUpgrade,Research,47,50,2350,37
E003,DigitalTransformation,QA,10,60,600,15
E005,SAPUpgrade,Design,19,30,570,16
E003,SAPUpgrade,Support,13,55,715,5
E002,Migration2024,Support,8,60,480,5
E001,HelpDeskOps,Testing,48,45,2160,28
E002,Migration2024,Design,7,60,420,46
E002,DigitalTransformation,QA,40,40,1600,7
E010,CloudMigration,Testing,47,60,2820,21
E002,DigitalTransformation,Support,20,45,900,1
E010,CloudMigration,Research,39,35,1365,32
E002,HelpDeskOps,Testing,37,35,1295,11
E001,CloudMigration,QA,14,45,630,41
E008,DigitalTransformation,Testing,13,60,780,16
E003,Migration2024,Testing,36,50,1800,20
E010,DigitalTransformation,Support,23,60,1380,50
E010,HelpDeskOps,Design,43,35,1505,52
E003,SAPUpgrade,Development,24,40,960,41
E004,DigitalTransformation,Testing,17,45,765,18
E008,Migration2024,Design,42,45,1890,12
E002,SAPUpgrade,Development,33,35,1155,15
E009,CloudMigration,Research,47,30,1410,43
E005,HelpDeskOps,Development,28,45,1260,39
E010,CloudMigration,Development,23,45,1035,13
E010,DigitalTransformation,Testing,15,55,825,4
E001,Migration2024,Support,6,50,300,18
E004,SAPUpgrade,Development,15,40,600,1
E008,Migration2024,Research,13,35,455,43
E001,DigitalTransformation,Design,35,45,1575,10
E008,DigitalTransformation,Development,23,30,690,4
E010,Migration2024,Testing,48,55,2640,7
E006,HelpDeskOps,Design,28,30,840,49
E010,DigitalTransformation,Design,10,40,400,52
E009,CloudMigration,Development,15,35,525,38
E006,DigitalTransformation,Research,25,55,1375,14
E003,Migration2024,Design,12,40,480,19
E005,SAPUpgrade,Testing,30,50,1500,26
E009,HelpDeskOps,Development,33,45,1485,52
E006,SAPUpgrade,QA,28,55,1540,49
E009,CloudMigration,Design,31,40,1240,6
E008,HelpDeskOps,Research,28,35,980,28
E004,Migration2024,QA,11,45,495,12
E006,HelpDeskOps,Support,21,40,840,6
E007,SAPUpgrade,QA,35,45,1575,3
E005,DigitalTransformation,QA,18,35,630,20
E001,CloudMigration,QA,39,40,1560,49
E001,HelpDeskOps,Design,41,30,1230,24
E003,Migration2024,QA,13,30,390,39
E009,SAPUpgrade,Testing,50,40,2000,50
E005,Migration2024,Testing,30,30,900,45
E004,CloudMigration,QA,9,55,495,31
E002,CloudMigration,Support,50,40,2000,24
E008,HelpDeskOps,Design,40,40,1600,47
E010,Migration2024,Research,27,60,1620,8
E002,HelpDeskOps,Research,22,50,1100,28
E001,Migration2024,Research,35,30,1050,16
E010,SAPUpgrade,Development,33,55,1815,39
E002,CloudMigration,Support,28,30,840,40
E002,DigitalTransformation,Support,29,35,1015,31
E010,CloudMigration,Development,26,45,1170,18
E009,DigitalTransformation,Design,13,35,455,22
E002,Migration2024,Research,9,55,495,2
E002,SAPUpgrade,Design,16,55,880,25
E003,DigitalTransformation,Research,9,55,495,1
E004,CloudMigration,Support,30,30,900,12
E004,Migration2024,QA,17,45,765,23
E009,SAPUpgrade,Research,13,50,650,49
E007,DigitalTransformation,Design,36,55,1980,1
E006,Migration2024,Development,48,35,1680,13
E005,Migration2024,Design,43,60,2580,44
E006,Migration2024,QA,26,45,1170,10
E006,HelpDeskOps,Support,17,50,850,4
E008,HelpDeskOps,Support,15,35,525,42
E002,SAPUpgrade,Design,44,50,2200,40
E004,DigitalTransformation,QA,44,55,2420,6
E007,HelpDeskOps,Design,15,40,600,45
E006,CloudMigration,Research,10,40,400,34
E009,CloudMigration,Development,43,50,2150,10
E007,HelpDeskOps,Development,36,30,1080,40
E001,DigitalTransformation,Development,8,30,240,12
E007,DigitalTransformation,Support,43,45,1935,37
E003,HelpDeskOps,QA,9,35,315,23
E006,HelpDeskOps,Design,32,35,1120,9
E010,HelpDeskOps,Development,20,30,600,44
E003,Migration2024,Support,17,55,935,4
E007,SAPUpgrade,Design,47,50,2350,49
E002,HelpDeskOps,Support,35,60,2100,13
E006,Migration2024,Design,43,60,2580,21
E010,SAPUpgrade,Testing,26,60,1560,8
E009,Migration2024,Design,27,55,1485,43
E004,SAPUpgrade,Support,23,35,805,22
E005,SAPUpgrade,Research,13,30,390,5
E009,CloudMigration,Development,31,50,1550,10
E007,SAPUpgrade,Development,8,35,280,30
E003,SAPUpgrade,Research,30,30,900,52
E009,DigitalTransformation,Testing,22,50,1100,20
E003,CloudMigration,Testing,20,55,1100,45
E001,DigitalTransformation,Research,6,30,180,1
E009,SAPUpgrade,Design,49,30,1470,13
E004,SAPUpgrade,Support,5,45,225,21
E001,DigitalTransformation,QA,34,40,1360,22
E007,Migration2024,Design,34,60,2040,11
E009,HelpDeskOps,QA,41,60,2460,50
E009,Migration2024,Testing,20,35,700,34
E002,Migration2024,Development,28,60,1680,42
E006,CloudMigration,Research,45,45,2025,30
E009,DigitalTransformation,Testing,26,40,1040,24
E002,SAPUpgrade,Development,28,45,1260,52
E006,HelpDeskOps,QA,50,40,2000,43
E010,CloudMigration,Research,33,40,1320,45
E004,Migration2024,QA,37,60,2220,19
E008,CloudMigration,Research,34,50,1700,7
E005,DigitalTransformation,Support,21,35,735,47
E002,CloudMigration,Testing,35,55,1925,40
E003,SAPUpgrade,QA,35,35,1225,42
E004,DigitalTransformation,QA,15,35,525,26
E007,DigitalTransformation,Research,5,50,250,1
E010,DigitalTransformation,Design,12,50,600,1
E002,HelpDeskOps,Testing,31,40,1240,35
E006,DigitalTransformation,Support,50,55,2750,31
E006,SAPUpgrade,Development,28,55,1540,19
E008,SAPUpgrade,Support,6,60,360,46
E003,HelpDeskOps,Development,39,30,1170,8
E010,Migration2024,QA,46,40,1840,8
E005,CloudMigration,Design,23,60,1380,5
E006,Migration2024,Development,41,60,2460,27
E005,CloudMigration,QA,6,45,270,29
E009,Migration2024,Support,7,30,210,45
E002,DigitalTransformation,Testing,44,50,2200,37
E004,DigitalTransformation,Research,38,40,1520,1
E006,Migration2024,Research,40,50,2000,13
E001,HelpDeskOps,Research,24,45,1080,30
E007,SAPUpgrade,Support,14,45,630,17
E001,CloudMigration,Development,39,50,1950,42
E004,Migration2024,Research,21,40,840,42
E005,CloudMigration,Research,37,50,1850,42
E005,SAPUpgrade,Development,14,30,420,49
E003,Migration2024,Design,50,40,2000,5
E008,DigitalTransformation,Design,36,45,1620,30
E004,CloudMigration,Design,20,55,1100,50
E001,HelpDeskOps,QA,44,60,2640,48
E002,Migration2024,Testing,47,55,2585,26
E008,SAPUpgrade,Testing,32,55,1760,40
E007,CloudMigration,QA,9,45,405,11
E003,CloudMigration,Development,19,40,760,5
E004,HelpDeskOps,Testing,34,50,1700,29
E001,CloudMigration,Design,8,40,320,20
E006,Migration2024,Research,34,50,1700,46
E006,CloudMigration,QA,30,60,1800,20
E002,CloudMigration,Support,24,30,720,41
E008,HelpDeskOps,Testing,16,45,720,37
E002,HelpDeskOps,Design,18,30,540,52
E004,CloudMigration,Development,38,35,1330,10
E003,CloudMigration,QA,46,55,2530,33
E003,SAPUpgrade,Design,16,60,960,26
E008,Migration2024,Testing,46,30,1380,31
E007,Migration2024,Support,42,50,2100,21
E010,SAPUpgrade,QA,18,40,720,31
E001,CloudMigration,Support,21,55,1155,46
E010,CloudMigration,Support,27,60,1620,28
E004,SAPUpgrade,Design,45,35,1575,7
E008,SAPUpgrade,QA,50,60,3000,39
E005,SAPUpgrade,Design,42,35,1470,22
E006,HelpDeskOps,Design,10,55,550,15
E001,HelpDeskOps,Testing,50,35,1750,27
E007,Migration2024,Design,36,35,1260,38
E009,SAPUpgrade,QA,15,30,450,17
E004,HelpDeskOps,Design,33,50,1650,31
E003,HelpDeskOps,Design,18,55,990,49
E004,DigitalTransformation,Design,13,55,715,40
E010,DigitalTransformation,Design,6,45,270,14
E001,SAPUpgrade,Design,41,35,1435,33
E003,HelpDeskOps,Testing,17,55,935,36
E004,SAPUpgrade,Support,28,50,1400,36
E002,SAPUpgrade,Design,25,55,1375,21
E008,Migration2024,QA,13,45,585,38
E001,DigitalTransformation,QA,13,60,780,40
E008,SAPUpgrade,Research,15,55,825,11
E009,CloudMigration,Development,16,50,800,30
E007,SAPUpgrade,Research,47,45,2115,4
E009,HelpDeskOps,Support,38,40,1520,41
E005,SAPUpgrade,Design,9,35,315,12
E003,Migration2024,Testing,10,50,500,29
E004,CloudMigration,Design,21,45,945,32
E001,HelpDeskOps,QA,36,45,1620,44
E009,SAPUpgrade,Testing,47,30,1410,16
E004,SAPUpgrade,Development,11,30,330,25
E005,DigitalTransformation,Design,42,50,2100,26
E009,HelpDeskOps,Design,41,55,2255,1
E010,DigitalTransformation,Research,36,55,1980,2
E005,HelpDeskOps,Research,49,40,1960,29
E003,SAPUpgrade,Testing,9,60,540,24
E009,HelpDeskOps,QA,39,60,2340,5
E006,HelpDeskOps,Research,43,35,1505,6
E005,HelpDeskOps,Design,22,55,1210,50
E010,HelpDeskOps,Testing,31,30,930,1
E001,Migration2024,Testing,40,55,2200,33
E001,HelpDeskOps,Research,19,60,1140,50
E001,HelpDeskOps,Development,33,60,1980,36
E004,CloudMigration,Development,30,30,900,48
E002,CloudMigration,Design,37,55,2035,5
E009,HelpDeskOps,Design,36,30,1080,7
E009,Migration2024,Development,31,50,1550,14
E003,DigitalTransformation,Research,14,35,490,6
E009,HelpDeskOps,Support,48,30,1440,22
E003,DigitalTransformation,Design,23,40,920,18
E009,HelpDeskOps,Design,27,35,945,3
E004,SAPUpgrade,Design,30,40,1200,41
E007,CloudMigration,QA,34,30,1020,38
E005,DigitalTransformation,Support,29,45,1305,15
E001,Migration2024,QA,23,30,690,14
E007,HelpDeskOps,Support,11,50,550,6
E010,CloudMigration,Support,7,45,315,40
E001,HelpDeskOps,Support,17,60,1020,18
E001,SAPUpgrade,QA,41,45,1845,34
E006,DigitalTransformation,Testing,8,40,320,13
E002,CloudMigration,Design,7,40,280,21
E009,Migration2024,QA,22,35,770,10
E004,DigitalTransformation,Research,7,55,385,8
E006,SAPUpgrade,Development,32,35,1120,33
E003,CloudMigration,Research,7,45,315,18
E008,Migration2024,Support,21,50,1050,16
E005,HelpDeskOps,Testing,37,40,1480,37
E003,Migration2024,Support,18,45,810,48
E003,DigitalTransformation,Research,34,30,1020,24
E008,Migration2024,Research,50,45,2250,1
E001,Migration2024,Testing,47,30,1410,42
E002,DigitalTransformation,Development,6,30,180,30
E003,SAPUpgrade,Development,28,30,840,29
E010,CloudMigration,Development,7,30,210,11
E010,SAPUpgrade,Testing,28,30,840,10
E006,DigitalTransformation,Design,37,45,1665,28
E010,HelpDeskOps,Design,26,45,1170,2
E005,Migration2024,Design,26,50,1300,49
E004,SAPUpgrade,Support,24,55,1320,8
E002,CloudMigration,Development,31,30,930,19
E002,SAPUpgrade,Development,41,50,2050,11
E003,SAPUpgrade,QA,31,60,1860,2
E006,HelpDeskOps,Design,5,55,275,1
E001,HelpDeskOps,Research,29,40,1160,34
E010,DigitalTransformation,Testing,46,60,2760,23
E009,HelpDeskOps,Research,48,50,2400,35
E005,DigitalTransformation,Design,19,40,760,12
E007,DigitalTransformation,Support,40,50,2000,16
E004,CloudMigration,Development,6,40,240,40
E008,DigitalTransformation,Design,26,55,1430,38
E003,Migration2024,Testing,14,40,560,27
E001,CloudMigration,Design,9,50,450,46
E004,HelpDeskOps,Testing,23,35,805,44
E009,HelpDeskOps,Research,16,40,640,28
E003,SAPUpgrade,Development,10,50,500,49
E001,CloudMigration,Design,38,55,2090,14
E002,CloudMigration,QA,7,30,210,27
E009,HelpDeskOps,Development,46,30,1380,41
E004,DigitalTransformation,Support,33,55,1815,27
E005,DigitalTransformation,Development,43,35,1505,23
E005,CloudMigration,Support,35,60,2100,5
E007,CloudMigration,QA,13,45,585,22
E003,CloudMigration,Design,34,55,1870,10
E001,CloudMigration,Support,45,45,2025,40
E001,DigitalTransformation,Support,31,40,1240,48
E002,SAPUpgrade,Development,33,50,1650,48
E008,CloudMigration,Testing,24,60,1440,22
E010,SAPUpgrade,Design,5,50,250,8
E005,SAPUpgrade,Research,44,45,1980,5
E001,DigitalTransformation,Design,11,35,385,31
E003,CloudMigration,Testing,17,60,1020,14
E002,CloudMigration,QA,7,50,350,23
E007,Migration2024,Support,13,55,715,37
E003,DigitalTransformation,Testing,8,35,280,33
E003,Migration2024,QA,34,55,1870,45
E007,CloudMigration,Testing,34,55,1870,12
E004,CloudMigration,Research,30,60,1800,6
E005,DigitalTransformation,Research,16,50,800,8
E002,CloudMigration,QA,42,60,2520,6
E008,SAPUpgrade,Research,26,45,1170,26
E007,DigitalTransformation,Testing,43,30,1290,3
E003,CloudMigration,Development,46,55,2530,34
E009,Migration2024,Support,20,35,700,50
E003,SAPUpgrade,Support,31,40,1240,35
E003,Migration2024,QA,35,35,1225,42
E010,HelpDeskOps,Development,6,60,360,51
E007,Migration2024,Development,29,45,1305,25
E008,HelpDeskOps,Development,17,30,510,34
E005,SAPUpgrade,Design,39,60,2340,50
E005,HelpDeskOps,Design,13,30,390,50
E005,DigitalTransformation,Support,35,35,1225,22
E009,CloudMigration,Design,40,30,1200,37
E003,DigitalTransformation,Support,13,35,455,20
E001,Migration2024,Support,50,55,2750,26
E001,Migration2024,Testing,26,40,1040,6
E009,Migration2024,Testing,40,50,2000,41
E002,SAPUpgrade,Research,38,40,1520,48
E004,SAPUpgrade,Development,5,30,150,39
E002,SAPUpgrade,Testing,30,50,1500,38
E009,SAPUpgrade,Support,20,35,700,25
E010,CloudMigration,Testing,45,60,2700,16
E001,HelpDeskOps,Development,48,40,1920,37
E003,SAPUpgrade,Testing,13,40,520,38
E001,Migration2024,Design,16,30,480,23
E005,CloudMigration,QA,43,60,2580,22
E008,Migration2024,Development,45,30,1350,46
E002,DigitalTransformation,Design,24,40,960,15
E009,HelpDeskOps,QA,36,40,1440,52
E001,SAPUpgrade,Testing,44,55,2420,47
E007,SAPUpgrade,Testing,27,30,810,32
E008,CloudMigration,QA,19,30,570,16
E008,CloudMigration,Testing,46,35,1610,20
E005,HelpDeskOps,Design,31,45,1395,6
E004,SAPUpgrade,Design,35,45,1575,5
E005,Migration2024,Development,23,30,690,44
E008,HelpDeskOps,QA,47,40,1880,10
E005,CloudMigration,Development,13,35,455,45
E004,SAPUpgrade,Testing,8,55,440,37
E010,SAPUpgrade,Research,44,30,1320,11
E009,CloudMigration,Development,50,35,1750,40
E003,DigitalTransformation,Research,46,35,1610,49
E004,Migration2024,QA,44,45,1980,19
E002,Migration2024,Development,36,30,1080,18
E008,DigitalTransformation,Research,44,30,1320,19
E007,SAPUpgrade,Support,29,55,1595,2
E003,Migration2024,Design,45,50,2250,7
E004,DigitalTransformation,Testing,47,40,1880,33
E003,DigitalTransformation,Support,8,40,320,25
E006,CloudMigration,QA,11,45,495,45
E007,SAPUpgrade,Support,29,30,870,41
E004,CloudMigration,QA,45,45,2025,27
E003,CloudMigration,Design,23,30,690,24
E004,SAPUpgrade,Support,33,40,1320,10
E007,DigitalTransformation,QA,42,40,1680,25
E002,Migration2024,Development,32,60,1920,42
E009,DigitalTransformation,Design,40,55,2200,20
E007,HelpDeskOps,Research,17,60,1020,3
E005,Migration2024,Research,13,30,390,50
E003,Migration2024,Testing,37,30,1110,27
E001,CloudMigration,QA,21,45,945,50
E005,DigitalTransformation,QA,49,60,2940,30
E008,Migration2024,Support,27,60,1620,50
E001,DigitalTransformation,Research,41,30,1230,8
E007,DigitalTransformation,Development,30,55,1650,5
E002,CloudMigration,Design,12,45,540,33
E002,DigitalTransformation,Testing,22,55,1210,2
E007,DigitalTransformation,QA,28,30,840,39
E010,Migration2024,QA,17,60,1020,19
E008,Migration2024,Testing,20,35,700,19
E008,Migration2024,QA,31,55,1705,13
E005,HelpDeskOps,Research,36,35,1260,7
E002,Migration2024,QA,38,40,1520,9
E003,HelpDeskOps,Design,16,45,720,27
E002,HelpDeskOps,Design,15,45,675,10
E005,SAPUpgrade,Testing,7,45,315,11
E008,HelpDeskOps,Support,13,35,455,32
E001,CloudMigration,Design,19,40,760,43
E005,Migration2024,Development,46,55,2530,20
E002,Migration2024,QA,23,30,690,1
E010,CloudMigration,QA,50,55,2750,45
E010,SAPUpgrade,Testing,12,40,480,24
E002,SAPUpgrade,Support,24,50,1200,2
E010,DigitalTransformation,Support,43,60,2580,32
E009,SAPUpgrade,QA,20,60,1200,32
E006,SAPUpgrade,QA,11,60,660,25
E008,Migration2024,Design,33,60,1980,28
E006,HelpDeskOps,Development,13,35,455,29
E007,HelpDeskOps,Research,37,60,2220,26
E009,CloudMigration,Support,35,60,2100,17
E009,CloudMigration,Testing,24,40,960,49
E007,HelpDeskOps,Testing,41,50,2050,14
E003,DigitalTransformation,QA,45,60,2700,13
E010,SAPUpgrade,Development,20,40,800,50
E009,DigitalTransformation,Design,7,30,210,50
E002,SAPUpgrade,Support,36,40,1440,47
E005,HelpDeskOps,Research,5,40,200,14
E008,CloudMigration,Design,39,45,1755,27
E008,DigitalTransformation,Design,17,60,1020,26
E006,HelpDeskOps,Support,50,50,2500,43
E003,DigitalTransformation,Research,12,35,420,23
E003,DigitalTransformation,Testing,32,60,1920,45
E004,SAPUpgrade,Support,22,60,1320,51
E004,DigitalTransformation,Development,22,45,990,5
E007,SAPUpgrade,Support,38,50,1900,44
E007,DigitalTransformation,Development,7,50,350,13
E002,Migration2024,Support,9,30,270,20
E002,DigitalTransformation,QA,42,45,1890,20
E005,Migration2024,Support,38,30,1140,9
E007,HelpDeskOps,Research,47,30,1410,42
E006,CloudMigration,QA,12,40,480,49
E002,Migration2024,Support,10,55,550,45
E008,SAPUpgrade,Support,42,30,1260,26
E007,DigitalTransformation,QA,39,60,2340,47
E006,DigitalTransformation,Design,45,35,1575,2
E001,Migration2024,Research,21,40,840,48
E006,DigitalTransformation,Testing,30,40,1200,21
E009,Migration2024,Design,39,50,1950,7
E003,CloudMigration,Design,41,40,1640,6
E002,Migration2024,QA,7,35,245,18
E010,SAPUpgrade,Research,49,35,1715,21
E002,SAPUpgrade,Testing,39,45,1755,18
E004,HelpDeskOps,Development,42,35,1470,28
E009,DigitalTransformation,Development,48,30,1440,4
E004,CloudMigration,Design,28,60,1680,47
E008,HelpDeskOps,Development,12,55,660,34
E010,Migration2024,QA,30,60,1800,43
E009,SAPUpgrade,Support,31,60,1860,32
E002,Migration2024,Design,43,60,2580,48
E010,Migration2024,Design,37,55,2035,24
E002,DigitalTransformation,QA,17,55,935,11
E008,DigitalTransformation,Development,9,50,450,47
E005,DigitalTransformation,Design,12,40,480,5
E001,Migration2024,Development,17,50,850,19
E001,Migration2024,Development,42,30,1260,41
E005,SAPUpgrade,Testing,26,30,780,3
E007,Migration2024,QA,9,40,360,9
E005,CloudMigration,QA,9,45,405,3
E004,Migration2024,Development,6,60,360,30
E004,Migration2024,Research,41,50,2050,35
E007,HelpDeskOps,Development,6,35,210,2
E003,Migration2024,Research,12,35,420,37
E009,HelpDeskOps,Design,9,55,495,50
E006,Migration2024,Testing,23,50,1150,21
E004,CloudMigration,Testing,23,30,690,29
E008,SAPUpgrade,Research,5,45,225,9
E009,DigitalTransformation,Support,17,40,680,24
E003,Migration2024,Research,17,40,680,24
E004,Migration2024,Development,45,30,1350,45
E008,SAPUpgrade,Support,23,60,1380,28
E006,HelpDeskOps,Support,13,40,520,33
E003,Migration2024,QA,12,50,600,25
E002,DigitalTransformation,Support,19,30,570,35
E006,Migration2024,Design,50,60,3000,10
E001,DigitalTransformation,QA,34,55,1870,11
E007,DigitalTransformation,Testing,39,35,1365,11
E007,CloudMigration,Design,10,55,550,2
E005,CloudMigration,Support,41,35,1435,41
E010,DigitalTransformation,Research,5,55,275,40
E009,CloudMigration,Support,48,55,2640,40
E006,HelpDeskOps,Design,29,30,870,19
E004,SAPUpgrade,QA,40,50,2000,39
E010,SAPUpgrade,Research,11,60,660,38
E008,HelpDeskOps,Support,50,30,1500,11
E008,SAPUpgrade,Testing,29,30,870,4
E003,Migration2024,Research,18,45,810,47
E005,SAPUpgrade,Testing,8,55,440,1
E008,SAPUpgrade,Testing,14,50,700,7
E010,DigitalTransformation,Testing,46,55,2530,33
E008,CloudMigration,Testing,8,60,480,42
E008,CloudMigration,Development,18,35,630,11
E007,DigitalTransformation,QA,36,55,1980,32
E008,CloudMigration,QA,8,50,400,15
E006,Migration2024,Development,9,55,495,6
E001,SAPUpgrade,QA,9,35,315,38
E009,SAPUpgrade,QA,29,50,1450,33
E004,HelpDeskOps,Testing,9,30,270,26
E009,CloudMigration,Research,8,40,320,33
E004,CloudMigration,Research,14,50,700,44
E003,SAPUpgrade,Development,18,60,1080,46
E005,CloudMigration,Development,36,35,1260,21
E010,CloudMigration,Support,12,55,660,20
E002,Migration2024,Support,30,30,900,34
E003,CloudMigration,Testing,45,45,2025,51
E003,HelpDeskOps,QA,47,50,2350,10
E009,Migration2024,Research,31,30,930,45
E006,CloudMigration,Testing,31,45,1395,25
E006,SAPUpgrade,Testing,23,30,690,27
E005,HelpDeskOps,QA,48,30,1440,41
E006,DigitalTransformation,Design,45,50,2250,35
E003,HelpDeskOps,Research,27,35,945,43
E003,SAPUpgrade,Support,46,45,2070,44
E008,Migration2024,QA,33,50,1650,31
E001,DigitalTransformation,QA,41,55,2255,45
E006,Migration2024,Testing,26,55,1430,14
E007,CloudMigration,Research,39,30,1170,6
E005,DigitalTransformation,Research,45,40,1800,32
E009,DigitalTransformation,Development,49,60,2940,11
E009,CloudMigration,Testing,36,40,1440,4
E004,Migration2024,Design,21,55,1155,29
E001,DigitalTransformation,Design,32,50,1600,8
E009,Migration2024,Testing,25,30,750,4
E006,CloudMigration,Design,35,35,1225,24
E002,Migration2024,Development,32,60,1920,5
E010,HelpDeskOps,QA,35,55,1925,21
E007,CloudMigration,Support,46,50,2300,14
E007,Migration2024,Development,37,50,1850,16
E001,Migration2024,Support,7,40,280,41
E007,SAPUpgrade,QA,46,35,1610,23
E003,SAPUpgrade,Development,35,60,2100,28
E008,HelpDeskOps,Testing,25,55,1375,45
E007,Migration2024,Research,19,45,855,16
E006,HelpDeskOps,Research,38,35,1330,48
E007,Migration2024,QA,43,55,2365,17
E005,HelpDeskOps,Development,43,60,2580,19
E004,SAPUpgrade,Support,36,30,1080,44
E002,HelpDeskOps,Testing,47,45,2115,7
E008,Migration2024,Support,42,40,1680,38
E001,DigitalTransformation,Support,30,40,1200,26
E009,SAPUpgrade,Research,38,35,1330,40
E009,Migration2024,Design,22,50,1100,12
E004,CloudMigration,Design,30,35,1050,2
E002,CloudMigration,Design,18,30,540,39
E003,HelpDeskOps,Design,49,60,2940,44
E010,DigitalTransformation,QA,35,35,1225,4
E010,HelpDeskOps,Testing,7,60,420,16
E001,HelpDeskOps,Research,38,30,1140,1
E002,Migration2024,Testing,23,40,920,41
E002,HelpDeskOps,QA,33,50,1650,8
E004,HelpDeskOps,QA,32,30,960,48
E010,HelpDeskOps,Research,18,30,540,42
E002,SAPUpgrade,Design,45,45,2025,46
E007,DigitalTransformation,Design,47,50,2350,19
E001,Migration2024,Support,28,45,1260,18
E005,CloudMigration,Testing,14,55,770,48
E009,HelpDeskOps,Support,32,50,1600,19
E008,HelpDeskOps,Testing,44,35,1540,50
E007,CloudMigration,QA,42,45,1890,47
E007,HelpDeskOps,Research,24,60,1440,49
E006,HelpDeskOps,Testing,13,50,650,51
E008,HelpDeskOps,Development,25,45,1125,34
E002,HelpDeskOps,Development,22,35,770,49
E006,Migration2024,Research,36,50,1800,36
E010,Migration2024,Support,37,40,1480,19
E005,SAPUpgrade,Development,21,30,630,43
E009,CloudMigration,Design,44,45,1980,38
E006,SAPUpgrade,Research,13,45,585,18
E009,HelpDeskOps,Design,36,45,1620,50
E004,DigitalTransformation,Testing,36,45,1620,10
E008,DigitalTransformation,QA,32,45,1440,51
E010,Migration2024,Design,30,50,1500,12
E007,HelpDeskOps,Research,33,35,1155,51
E003,SAPUpgrade,Design,26,50,1300,30
E010,HelpDeskOps,Support,26,55,1430,6
E008,CloudMigration,QA,9,60,540,11
E010,DigitalTransformation,Support,33,30,990,43
E004,HelpDeskOps,Development,28,40,1120,29
E001,HelpDeskOps,Testing,7,40,280,9
E009,HelpDeskOps,QA,35,45,1575,31
E005,SAPUpgrade,Support,19,30,570,20
E001,CloudMigration,Design,24,45,1080,2
E007,CloudMigration,Research,17,45,765,5
E009,Migration2024,Support,29,35,1015,49
E003,SAPUpgrade,Testing,29,60,1740,40
E009,HelpDeskOps,Testing,31,45,1395,11
E010,CloudMigration,Testing,18,60,1080,28
E006,HelpDeskOps,Development,40,50,2000,29
E009,CloudMigration,Testing,35,55,1925,20
E003,Migration2024,Testing,36,35,1260,16
E010,CloudMigration,Research,18,40,720,28
E002,DigitalTransformation,Support,31,60,1860,18
E008,HelpDeskOps,Development,19,55,1045,40
E007,DigitalTransformation,Support,49,55,2695,30
E002,Migration2024,Design,35,45,1575,41
E006,Migration2024,Design,24,30,720,4
E006,HelpDeskOps,Development,10,50,500,21
E008,DigitalTransformation,Development,33,35,1155,37
E010,Migration2024,Research,26,55,1430,40
E009,Migration2024,Testing,21,50,1050,22
E004,HelpDeskOps,QA,16,40,640,29
E010,SAPUpgrade,Research,38,30,1140,13
E009,Migration2024,Support,21,60,1260,33
E006,CloudMigration,Development,7,40,280,46
E003,SAPUpgrade,Research,31,50,1550,44
E002,HelpDeskOps,Support,49,50,2450,48
E001,CloudMigration,Testing,41,35,1435,4
E003,DigitalTransformation,Development,20,45,900,41
E004,DigitalTransformation,Testing,26,35,910,42
E006,Migration2024,Research,14,55,770,52
E008,Migration2024,QA,19,55,1045,15
E003,HelpDeskOps,Development,44,35,1540,52
E008,SAPUpgrade,Support,18,45,810,19
E003,DigitalTransformation,Design,18,60,1080,50
E001,Migration2024,Testing,42,35,1470,40
E001,SAPUpgrade,Design,18,40,720,36
E002,CloudMigration,Design,45,60,2700,35
E009,HelpDeskOps,QA,25,30,750,48
E002,Migration2024,Development,38,60,2280,19
E003,HelpDeskOps,Design,50,50,2500,23
E004,Migration2024,Design,10,60,600,46
E001,HelpDeskOps,QA,44,40,1760,50
E003,DigitalTransformation,Support,26,50,1300,20
E008,Migration2024,Design,37,60,2220,47
E009,DigitalTransformation,Design,16,45,720,46
E001,HelpDeskOps,Development,41,55,2255,51
E010,DigitalTransformation,Research,48,45,2160,37
E002,SAPUpgrade,Research,29,55,1595,23
E003,HelpDeskOps,Testing,50,30,1500,52
E007,DigitalTransformation,Testing,38,50,1900,45
E005,SAPUpgrade,Design,12,35,420,43
E002,CloudMigration,Development,8,50,400,18
E008,Migration2024,Development,20,60,1200,15
E008,HelpDeskOps,Support,6,35,210,17
E009,HelpDeskOps,Testing,50,60,3000,43
E004,CloudMigration,Testing,15,60,900,22
E010,CloudMigration,Development,9,30,270,34
E002,SAPUpgrade,QA,21,40,840,21
